ReferencingSchema,ReferencingObject,ReferencedSchema,ReferencedObject,ReferencedObjectType,IsAmbiguous
DanfeHangFire,AggregatedCounter,DanfeHangFire,AggregatedCounter,USER_TABLE,False
DanfeHangFire,Hash,DanfeHangFire,Hash,USER_TABLE,False
DanfeHangFire,Job,DanfeHangFire,Job,USER_TABLE,False
DanfeHangFire,List,DanfeHangFire,List,USER_TABLE,False
DanfeHangFire,Set,DanfeHangFire,Set,USER_TABLE,False
dbo,aspnet_AnyDataInTables,dbo,aspnet_Applications,USER_TABLE,False
dbo,aspnet_AnyDataInTables,dbo,aspnet_Membership,USER_TABLE,False
dbo,aspnet_AnyDataInTables,dbo,aspnet_PersonalizationPerUser,USER_TABLE,False
dbo,aspnet_AnyDataInTables,dbo,aspnet_Profile,USER_TABLE,False
dbo,aspnet_AnyDataInTables,dbo,aspnet_Roles,USER_TABLE,False
dbo,aspnet_AnyDataInTables,dbo,aspnet_Users,USER_TABLE,False
dbo,aspnet_AnyDataInTables,dbo,aspnet_WebEvent_Events,USER_TABLE,False
dbo,aspnet_Applications_CreateApplication,dbo,aspnet_Applications,USER_TABLE,False
dbo,aspnet_CheckSchemaVersion,dbo,aspnet_SchemaVersions,USER_TABLE,False
dbo,aspnet_Membership_ChangePasswordQuestionAndAnswer,dbo,aspnet_Applications,USER_TABLE,False
dbo,aspnet_Membership_ChangePasswordQuestionAndAnswer,dbo,aspnet_Membership,USER_TABLE,False
dbo,aspnet_Membership_ChangePasswordQuestionAndAnswer,dbo,aspnet_Users,USER_TABLE,False
dbo,aspnet_Membership_FindUsersByEmail,dbo,aspnet_Applications,USER_TABLE,False
dbo,aspnet_Membership_FindUsersByEmail,dbo,aspnet_Membership,USER_TABLE,False
dbo,aspnet_Membership_FindUsersByEmail,dbo,aspnet_Users,USER_TABLE,False
dbo,aspnet_Membership_FindUsersByName,dbo,aspnet_Applications,USER_TABLE,False
dbo,aspnet_Membership_FindUsersByName,dbo,aspnet_Membership,USER_TABLE,False
dbo,aspnet_Membership_FindUsersByName,dbo,aspnet_Users,USER_TABLE,False
dbo,aspnet_Membership_GetAllUsers,dbo,aspnet_Applications,USER_TABLE,False
dbo,aspnet_Membership_GetAllUsers,dbo,aspnet_Membership,USER_TABLE,False
dbo,aspnet_Membership_GetAllUsers,dbo,aspnet_Users,USER_TABLE,False
dbo,aspnet_Membership_GetNumberOfUsersOnline,dbo,aspnet_Applications,USER_TABLE,False
dbo,aspnet_Membership_GetNumberOfUsersOnline,dbo,aspnet_Membership,USER_TABLE,False
dbo,aspnet_Membership_GetNumberOfUsersOnline,dbo,aspnet_Users,USER_TABLE,False
dbo,aspnet_Membership_GetPassword,dbo,aspnet_Applications,USER_TABLE,False
dbo,aspnet_Membership_GetPassword,dbo,aspnet_Membership,USER_TABLE,False
dbo,aspnet_Membership_GetPassword,dbo,aspnet_Users,USER_TABLE,False
dbo,aspnet_Membership_GetPasswordWithFormat,dbo,aspnet_Applications,USER_TABLE,False
dbo,aspnet_Membership_GetPasswordWithFormat,dbo,aspnet_Membership,USER_TABLE,False
dbo,aspnet_Membership_GetPasswordWithFormat,dbo,aspnet_Users,USER_TABLE,False
dbo,aspnet_Membership_GetUserByEmail,dbo,aspnet_Applications,USER_TABLE,False
dbo,aspnet_Membership_GetUserByEmail,dbo,aspnet_Membership,USER_TABLE,False
dbo,aspnet_Membership_GetUserByEmail,dbo,aspnet_Users,USER_TABLE,False
dbo,aspnet_Membership_GetUserByName,dbo,aspnet_Applications,USER_TABLE,False
dbo,aspnet_Membership_GetUserByName,dbo,aspnet_Membership,USER_TABLE,False
dbo,aspnet_Membership_GetUserByName,dbo,aspnet_Users,USER_TABLE,False
dbo,aspnet_Membership_GetUserByUserId,dbo,aspnet_Membership,USER_TABLE,False
dbo,aspnet_Membership_GetUserByUserId,dbo,aspnet_Users,USER_TABLE,False
dbo,aspnet_Membership_ResetPassword,dbo,aspnet_Applications,USER_TABLE,False
dbo,aspnet_Membership_ResetPassword,dbo,aspnet_Membership,USER_TABLE,False
dbo,aspnet_Membership_ResetPassword,dbo,aspnet_Users,USER_TABLE,False
dbo,aspnet_Membership_SetPassword,dbo,aspnet_Applications,USER_TABLE,False
dbo,aspnet_Membership_SetPassword,dbo,aspnet_Membership,USER_TABLE,False
dbo,aspnet_Membership_SetPassword,dbo,aspnet_Users,USER_TABLE,False
dbo,aspnet_Membership_UnlockUser,dbo,aspnet_Applications,USER_TABLE,False
dbo,aspnet_Membership_UnlockUser,dbo,aspnet_Membership,USER_TABLE,False
dbo,aspnet_Membership_UnlockUser,dbo,aspnet_Users,USER_TABLE,False
dbo,aspnet_Membership_UpdateUser,dbo,aspnet_Applications,USER_TABLE,False
dbo,aspnet_Membership_UpdateUser,dbo,aspnet_Membership,USER_TABLE,False
dbo,aspnet_Membership_UpdateUser,dbo,aspnet_Users,USER_TABLE,False
dbo,aspnet_Membership_UpdateUserInfo,dbo,aspnet_Applications,USER_TABLE,False
dbo,aspnet_Membership_UpdateUserInfo,dbo,aspnet_Membership,USER_TABLE,False
dbo,aspnet_Membership_UpdateUserInfo,dbo,aspnet_Users,USER_TABLE,False
dbo,aspnet_Paths_CreatePath,dbo,aspnet_Paths,USER_TABLE,False
dbo,aspnet_Roles_CreateRole,dbo,aspnet_Applications_CreateApplication,SQL_STORED_PROCEDURE,False
dbo,aspnet_Roles_CreateRole,dbo,aspnet_Roles,USER_TABLE,False
dbo,aspnet_Roles_DeleteRole,dbo,aspnet_Applications,USER_TABLE,False
dbo,aspnet_Roles_DeleteRole,dbo,aspnet_Roles,USER_TABLE,False
dbo,aspnet_Roles_DeleteRole,dbo,aspnet_UsersInRoles,USER_TABLE,False
dbo,aspnet_Roles_GetAllRoles,dbo,aspnet_Applications,USER_TABLE,False
dbo,aspnet_Roles_GetAllRoles,dbo,aspnet_Roles,USER_TABLE,False
dbo,aspnet_Roles_RoleExists,dbo,aspnet_Applications,USER_TABLE,False
dbo,aspnet_Roles_RoleExists,dbo,aspnet_Roles,USER_TABLE,False
dbo,AspNet_SqlCachePollingStoredProcedure,dbo,AspNet_SqlCacheTablesForChangeNotification,USER_TABLE,False
dbo,AspNet_SqlCacheQueryRegisteredTablesStoredProcedure,dbo,AspNet_SqlCacheTablesForChangeNotification,USER_TABLE,False
dbo,AspNet_SqlCacheRegisterTableStoredProcedure,dbo,AspNet_SqlCacheTablesForChangeNotification,USER_TABLE,False
dbo,AspNet_SqlCacheUnRegisterTableStoredProcedure,dbo,AspNet_SqlCacheTablesForChangeNotification,USER_TABLE,False
dbo,AspNet_SqlCacheUpdateChangeIdStoredProcedure,dbo,AspNet_SqlCacheTablesForChangeNotification,USER_TABLE,False
dbo,aspnet_UnRegisterSchemaVersion,dbo,aspnet_SchemaVersions,USER_TABLE,False
dbo,aspnet_Users_CreateUser,dbo,aspnet_Users,USER_TABLE,False
dbo,aspnet_Users_DeleteUser,dbo,aspnet_Applications,USER_TABLE,False
dbo,aspnet_Users_DeleteUser,dbo,aspnet_Membership,USER_TABLE,False
dbo,aspnet_Users_DeleteUser,dbo,aspnet_PersonalizationPerUser,USER_TABLE,False
dbo,aspnet_Users_DeleteUser,dbo,aspnet_Profile,USER_TABLE,False
dbo,aspnet_Users_DeleteUser,dbo,aspnet_Users,USER_TABLE,False
dbo,aspnet_Users_DeleteUser,dbo,aspnet_UsersInRoles,USER_TABLE,False
dbo,aspnet_UsersInRoles_AddUsersToRoles,dbo,aspnet_Applications,USER_TABLE,False
dbo,aspnet_UsersInRoles_AddUsersToRoles,dbo,aspnet_Roles,USER_TABLE,False
dbo,aspnet_UsersInRoles_AddUsersToRoles,dbo,aspnet_Users,USER_TABLE,False
dbo,aspnet_UsersInRoles_AddUsersToRoles,dbo,aspnet_UsersInRoles,USER_TABLE,False
dbo,aspnet_UsersInRoles_FindUsersInRole,dbo,aspnet_Applications,USER_TABLE,False
dbo,aspnet_UsersInRoles_FindUsersInRole,dbo,aspnet_Roles,USER_TABLE,False
dbo,aspnet_UsersInRoles_FindUsersInRole,dbo,aspnet_Users,USER_TABLE,False
dbo,aspnet_UsersInRoles_FindUsersInRole,dbo,aspnet_UsersInRoles,USER_TABLE,False
dbo,aspnet_UsersInRoles_GetRolesForUser,dbo,aspnet_Applications,USER_TABLE,False
dbo,aspnet_UsersInRoles_GetRolesForUser,dbo,aspnet_Roles,USER_TABLE,False
dbo,aspnet_UsersInRoles_GetRolesForUser,dbo,aspnet_Users,USER_TABLE,False
dbo,aspnet_UsersInRoles_GetRolesForUser,dbo,aspnet_UsersInRoles,USER_TABLE,False
dbo,aspnet_UsersInRoles_GetUsersInRoles,dbo,aspnet_Applications,USER_TABLE,False
dbo,aspnet_UsersInRoles_GetUsersInRoles,dbo,aspnet_Roles,USER_TABLE,False
dbo,aspnet_UsersInRoles_GetUsersInRoles,dbo,aspnet_Users,USER_TABLE,False
dbo,aspnet_UsersInRoles_GetUsersInRoles,dbo,aspnet_UsersInRoles,USER_TABLE,False
dbo,aspnet_UsersInRoles_IsUserInRole,dbo,aspnet_Applications,USER_TABLE,False
dbo,aspnet_UsersInRoles_IsUserInRole,dbo,aspnet_Roles,USER_TABLE,False
dbo,aspnet_UsersInRoles_IsUserInRole,dbo,aspnet_Users,USER_TABLE,False
dbo,aspnet_UsersInRoles_IsUserInRole,dbo,aspnet_UsersInRoles,USER_TABLE,False
dbo,aspnet_UsersInRoles_RemoveUsersFromRoles,dbo,aspnet_Applications,USER_TABLE,False
dbo,aspnet_UsersInRoles_RemoveUsersFromRoles,dbo,aspnet_Roles,USER_TABLE,False
dbo,aspnet_UsersInRoles_RemoveUsersFromRoles,dbo,aspnet_Users,USER_TABLE,False
dbo,aspnet_UsersInRoles_RemoveUsersFromRoles,dbo,aspnet_UsersInRoles,USER_TABLE,False
dbo,aspnet_WebEvent_LogEvent,dbo,aspnet_WebEvent_Events,USER_TABLE,False
dbo,BillTerm,dbo,RO_BillTerm,USER_TABLE,False
dbo,CHECKBILL,dbo,RO_Order_Detail,USER_TABLE,False
dbo,CHECKBILL,dbo,RO_OrderMasters,USER_TABLE,False
dbo,CHECKBILL,dbo,RO_restroTable,USER_TABLE,False
dbo,CHECKBILL,dbo,Ro_RoomBookings,USER_TABLE,False
dbo,CHECKBILL,dbo,RO_SalesMaster,USER_TABLE,False
dbo,checkUnpaidBills,dbo,RO_SalesMaster,USER_TABLE,False
dbo,ClosingReport_BillWiseSales,dbo,RO_BillingAmount,USER_TABLE,False
dbo,ClosingReport_BillWiseSales,dbo,RO_fiscalYear,USER_TABLE,False
dbo,ClosingReport_BillWiseSales,dbo,RO_SalesMaster,USER_TABLE,False
dbo,ClosingReport_CategoryWise,dbo,CostCenterInfo,USER_TABLE,False
dbo,ClosingReport_CategoryWise,dbo,RO_Combo,USER_TABLE,False
dbo,ClosingReport_CategoryWise,dbo,RO_SalesDetail,USER_TABLE,False
dbo,ClosingReport_CategoryWise,dbo,RO_SalesMaster,USER_TABLE,False
dbo,ClosingReport_CategoryWise,dbo,ROI_ItemDetails,USER_TABLE,False
dbo,ClosingReport_CategoryWise,dbo,ROI_ITEMMain,USER_TABLE,False
dbo,ClosingReport_CategoryWise,dbo,ROI_Unit1,USER_TABLE,False
dbo,ClosingReport_StateWise,dbo,CostCenterInfo,USER_TABLE,False
dbo,ClosingReport_StateWise,dbo,RO_SalesDetail,USER_TABLE,False
dbo,ClosingReport_StateWise,dbo,RO_SalesMaster,USER_TABLE,False
dbo,ConvertDateToNepali,dbo,tbl_DateMap,USER_TABLE,False
dbo,Country,dbo,Lists,USER_TABLE,False
dbo,DanfeServiceLogs,dbo,DanfeServiceLogs,USER_TABLE,False
dbo,DeletePointScheme,dbo,RO_PointScheme,USER_TABLE,False
dbo,DeletePointSchemebyId,dbo,RO_PointScheme,USER_TABLE,False
dbo,fConvertTens,dbo,fConvertDigit,SQL_SCALAR_FUNCTION,False
dbo,FGetUnitOf,dbo,ROI_Unit1,USER_TABLE,False
dbo,FGetUnitOf,dbo,ROI_Unit2,USER_TABLE,False
dbo,FGetUnitOf,dbo,ROI_Unit3,USER_TABLE,False
dbo,FGetUnitOf,dbo,ROI_Unit4,USER_TABLE,False
dbo,FGetUnitTB,dbo,ROI_Unit1,USER_TABLE,False
dbo,FGetUnitTB,dbo,ROI_Unit2,USER_TABLE,False
dbo,FGetUnitTB,dbo,ROI_Unit3,USER_TABLE,False
dbo,fn_A,dbo,ModuleDefinitions,USER_TABLE,False
dbo,fn_A,dbo,PageModules,USER_TABLE,False
dbo,fn_EditPermissionExists,dbo,aspnet_Users,USER_TABLE,False
dbo,fn_EditPermissionExists,dbo,aspnet_UsersInRoles,USER_TABLE,False
dbo,fn_EditPermissionExists,dbo,ModuleDefPermission,USER_TABLE,False
dbo,fn_EditPermissionExists,dbo,UserModulePermission,USER_TABLE,False
dbo,fn_GetConversion,dbo,ROI_Unit2,USER_TABLE,False
dbo,fn_getMaxMasterId,dbo,RO_OrderMasters,USER_TABLE,False
dbo,fn_getMaxMasterIdByRoom,dbo,RO_OrderMasters,USER_TABLE,False
dbo,fn_getMaxStatusId,dbo,RO_OrderItemStatus,USER_TABLE,False
dbo,fn_getorderdetailId,dbo,RO_OrderItemStatus,USER_TABLE,False
dbo,fn_GetPageRolesNUsername,dbo,PagePermission,USER_TABLE,False
dbo,fn_GetSettingValueBySettingKey,dbo,SettingKey,USER_TABLE,False
dbo,fn_GetSettingValueBySettingKey,dbo,SettingValue,USER_TABLE,False
dbo,fn_GetValue_from_costcenter,dbo,RO_Items,USER_TABLE,False
dbo,fn_GetValue_from_costcenter,dbo,RO_Order_Detail,USER_TABLE,False
dbo,fn_GetValue_from_costcenter,dbo,RO_OrderMasters,USER_TABLE,False
dbo,fn_GetValue_from_costcenter,dbo,RO_RestroRoom,USER_TABLE,False
dbo,fn_GetValue_from_costcenter,dbo,RO_restroTable,USER_TABLE,False
dbo,fn_IsUserInRole,dbo,aspnet_Roles,USER_TABLE,False
dbo,fn_IsUserInRole,dbo,aspnet_UsersInRoles,USER_TABLE,False
dbo,fn_IsUserInRole,dbo,PortalUser,USER_TABLE,False
dbo,fNumToWords,dbo,fConvertDigit,SQL_SCALAR_FUNCTION,False
dbo,fNumToWords,dbo,fConvertTens,SQL_SCALAR_FUNCTION,False
dbo,getActiveBillTerm,dbo,RO_BillTerm,USER_TABLE,False
dbo,getCustomerBalanceTransactionRecordByID,dbo,RO_AdvancePaymentMode,USER_TABLE,False
dbo,getCustomerBalanceTransactionRecordByID,dbo,RO_CAKE_SalesPaymentMode,USER_TABLE,False
dbo,getCustomerBalanceTransactionRecordByID,dbo,RO_CakeSalesMaster,USER_TABLE,False
dbo,getCustomerBalanceTransactionRecordByID,dbo,RO_CompanyInfo,USER_TABLE,False
dbo,getCustomerBalanceTransactionRecordByID,dbo,RO_fiscalYear,USER_TABLE,False
dbo,getCustomerBalanceTransactionRecordByID,dbo,RO_GoodsReceivedDetls,USER_TABLE,False
dbo,getCustomerBalanceTransactionRecordByID,dbo,RO_GoodsReceivedMain,USER_TABLE,False
dbo,getCustomerBalanceTransactionRecordByID,dbo,RO_LoyaltyMembership,USER_TABLE,False
dbo,getCustomerBalanceTransactionRecordByID,dbo,RO_MemberPay,USER_TABLE,False
dbo,getCustomerBalanceTransactionRecordByID,dbo,RO_MemberPaymentMode,USER_TABLE,False
dbo,getCustomerBalanceTransactionRecordByID,dbo,RO_OrderMasters,USER_TABLE,False
dbo,getCustomerBalanceTransactionRecordByID,dbo,RO_PurchasePaymentMode,USER_TABLE,False
dbo,getCustomerBalanceTransactionRecordByID,dbo,RO_PurchaseReturnDetails,USER_TABLE,False
dbo,getCustomerBalanceTransactionRecordByID,dbo,RO_PurchaseReturnMain,USER_TABLE,False
dbo,getCustomerBalanceTransactionRecordByID,dbo,RO_PurchaseReturnPaymentMode,USER_TABLE,False
dbo,getCustomerBalanceTransactionRecordByID,dbo,Ro_RoomBookings,USER_TABLE,False
dbo,getCustomerBalanceTransactionRecordByID,dbo,RO_SalesMaster,USER_TABLE,False
dbo,getCustomerBalanceTransactionRecordByID,dbo,RO_SalesPaymentMode,USER_TABLE,False
dbo,getCustomerBalanceTransactionRecordByID_bACKUP,dbo,RO_fiscalYear,USER_TABLE,False
dbo,getCustomerBalanceTransactionRecordByID_bACKUP,dbo,RO_GoodsReceivedDetls,USER_TABLE,False
dbo,getCustomerBalanceTransactionRecordByID_bACKUP,dbo,RO_GoodsReceivedMain,USER_TABLE,False
dbo,getCustomerBalanceTransactionRecordByID_bACKUP,dbo,RO_LoyaltyMembership,USER_TABLE,False
dbo,getCustomerBalanceTransactionRecordByID_bACKUP,dbo,RO_MemberPay,USER_TABLE,False
dbo,getCustomerBalanceTransactionRecordByID_bACKUP,dbo,RO_SalesMaster,USER_TABLE,False
dbo,getCustomerBalanceTransactionRecordByID_bACKUP,dbo,RO_SalesPaymentMode,USER_TABLE,False
dbo,getCustomerBalanceTransactionRecordByID_bACKUP,dbo,ROI_PurchaseDetails,USER_TABLE,False
dbo,getCustomerBalanceTransactionRecordByID_bACKUP,dbo,ROI_PurchaseMain,USER_TABLE,False
dbo,getCustomerBalanceTransactionRecordByID_bak_21Jul2021,dbo,RO_AdvancePaymentMode,USER_TABLE,False
dbo,getCustomerBalanceTransactionRecordByID_bak_21Jul2021,dbo,RO_CompanyInfo,USER_TABLE,False
dbo,getCustomerBalanceTransactionRecordByID_bak_21Jul2021,dbo,RO_fiscalYear,USER_TABLE,False
dbo,getCustomerBalanceTransactionRecordByID_bak_21Jul2021,dbo,RO_GoodsReceivedDetls,USER_TABLE,False
dbo,getCustomerBalanceTransactionRecordByID_bak_21Jul2021,dbo,RO_GoodsReceivedMain,USER_TABLE,False
dbo,getCustomerBalanceTransactionRecordByID_bak_21Jul2021,dbo,RO_LoyaltyMembership,USER_TABLE,False
dbo,getCustomerBalanceTransactionRecordByID_bak_21Jul2021,dbo,RO_MemberPay,USER_TABLE,False
dbo,getCustomerBalanceTransactionRecordByID_bak_21Jul2021,dbo,RO_MemberPaymentMode,USER_TABLE,False
dbo,getCustomerBalanceTransactionRecordByID_bak_21Jul2021,dbo,RO_OrderMasters,USER_TABLE,False
dbo,getCustomerBalanceTransactionRecordByID_bak_21Jul2021,dbo,RO_PurchasePaymentMode,USER_TABLE,False
dbo,getCustomerBalanceTransactionRecordByID_bak_21Jul2021,dbo,RO_PurchaseReturnDetails,USER_TABLE,False
dbo,getCustomerBalanceTransactionRecordByID_bak_21Jul2021,dbo,RO_PurchaseReturnMain,USER_TABLE,False
dbo,getCustomerBalanceTransactionRecordByID_bak_21Jul2021,dbo,RO_PurchaseReturnPaymentMode,USER_TABLE,False
dbo,getCustomerBalanceTransactionRecordByID_bak_21Jul2021,dbo,Ro_RoomBookings,USER_TABLE,False
dbo,getCustomerBalanceTransactionRecordByID_bak_21Jul2021,dbo,RO_SalesMaster,USER_TABLE,False
dbo,getCustomerBalanceTransactionRecordByID_bak_21Jul2021,dbo,RO_SalesPaymentMode,USER_TABLE,False
dbo,getCustomerBalanceTransactionRecordByID_bak_6Aug2021,dbo,RO_fiscalYear,USER_TABLE,False
dbo,getCustomerBalanceTransactionRecordByID_bak_6Aug2021,dbo,RO_GoodsReceivedDetls,USER_TABLE,False
dbo,getCustomerBalanceTransactionRecordByID_bak_6Aug2021,dbo,RO_GoodsReceivedMain,USER_TABLE,False
dbo,getCustomerBalanceTransactionRecordByID_bak_6Aug2021,dbo,RO_LoyaltyMembership,USER_TABLE,False
dbo,getCustomerBalanceTransactionRecordByID_bak_6Aug2021,dbo,RO_MemberPay,USER_TABLE,False
dbo,getCustomerBalanceTransactionRecordByID_bak_6Aug2021,dbo,RO_SalesMaster,USER_TABLE,False
dbo,getCustomerBalanceTransactionRecordByID_bak_6Aug2021,dbo,RO_SalesPaymentMode,USER_TABLE,False
dbo,getCustomerBalanceTransactionRecordByID_bak_6Aug2021,dbo,ROI_PurchaseDetails,USER_TABLE,False
dbo,getCustomerBalanceTransactionRecordByID_bak_6Aug2021,dbo,ROI_PurchaseMain,USER_TABLE,False
dbo,getdailyReportByWeeklyByReportNumber,dbo,Ro_AdjustmentType,USER_TABLE,False
dbo,getdailyReportByWeeklyByReportNumber,dbo,RO_BillingAmount,USER_TABLE,False
dbo,getdailyReportByWeeklyByReportNumber,dbo,RO_BillTerm,USER_TABLE,False
dbo,getdailyReportByWeeklyByReportNumber,dbo,RO_fiscalYear,USER_TABLE,False
dbo,getdailyReportByWeeklyByReportNumber,dbo,RO_LoyaltyMembership,USER_TABLE,False
dbo,getdailyReportByWeeklyByReportNumber,dbo,RO_OrderMasters,USER_TABLE,False
dbo,getdailyReportByWeeklyByReportNumber,dbo,RO_RestroRoom,USER_TABLE,False
dbo,getdailyReportByWeeklyByReportNumber,dbo,RO_restroTable,USER_TABLE,False
dbo,getdailyReportByWeeklyByReportNumber,dbo,RO_SalesMaster,USER_TABLE,False
dbo,getdailyReportByWeeklyByReportNumber,dbo,ROI_AdjustmentDetls,USER_TABLE,False
dbo,getdailyReportByWeeklyByReportNumber,dbo,ROI_AdjustmentMain,USER_TABLE,False
dbo,getdailyReportByWeeklyByReportNumber,dbo,ROI_ITEMMain,USER_TABLE,False
dbo,getdailyReportByWeeklyByReportNumber,dbo,ROI_PurchaseDetails,USER_TABLE,False
dbo,getdailyReportByWeeklyByReportNumber,dbo,ROI_PurchaseLotNo,USER_TABLE,False
dbo,getdailyReportByWeeklyByReportNumber,dbo,ROI_PurchaseMain,USER_TABLE,False
dbo,getdailyReportByWeeklyByReportNumber,dbo,ROI_Store,USER_TABLE,False
dbo,getdailyReportByWeeklyByReportNumber,dbo,ROI_Unit1,USER_TABLE,False
dbo,GetListParentKey,dbo,GetListParentKey,SQL_SCALAR_FUNCTION,False
dbo,GetListParentKey,dbo,Lists,USER_TABLE,False
dbo,getOnlySmallUnit,dbo,ROI_Unit1,USER_TABLE,False
dbo,getOnlySmallUnit,dbo,ROI_Unit2,USER_TABLE,False
dbo,GetPointsbyCompanyID,dbo,RO_PointScheme,USER_TABLE,False
dbo,GetPreviousCakeOrderById,dbo,RO_CakeOrder_Detail,USER_TABLE,False
dbo,GetPreviousCakeOrderById,dbo,RO_CakeOrderMaster,USER_TABLE,False
dbo,GetUnitOfItemByName,dbo,ROI_ItemDetails,USER_TABLE,False
dbo,GetUnitOfItemByName,dbo,ROI_ITEMMain,USER_TABLE,False
dbo,GetUnitOfItemByName,dbo,ROI_Unit1,USER_TABLE,False
dbo,GetUnitOfItemByName,dbo,ROI_Unit2,USER_TABLE,False
dbo,getUnitsWithConvertion,dbo,ROI_ItemDetails,USER_TABLE,False
dbo,getUnitsWithConvertion,dbo,ROI_Unit1,USER_TABLE,False
dbo,getUnitsWithConvertion,dbo,ROI_Unit2,USER_TABLE,False
dbo,getUserbyHouseKeepingRole,dbo,aspnet_Roles,USER_TABLE,False
dbo,getUserbyHouseKeepingRole,dbo,aspnet_UsersInRoles,USER_TABLE,False
dbo,getUserbyHouseKeepingRole,dbo,vw_aspnet_Users,VIEW,False
dbo,getUserbyLaundryRole,dbo,aspnet_Roles,USER_TABLE,False
dbo,getUserbyLaundryRole,dbo,aspnet_UsersInRoles,USER_TABLE,False
dbo,getUserbyLaundryRole,dbo,vw_aspnet_Users,VIEW,False
dbo,getUserName,dbo,Users,USER_TABLE,False
dbo,Materialized_View,dbo,PrintDetail,USER_TABLE,False
dbo,Materialized_View,dbo,RO_BillingAmount,USER_TABLE,False
dbo,Materialized_View,dbo,RO_fiscalYear,USER_TABLE,False
dbo,Materialized_View,dbo,RO_SalesMaster,USER_TABLE,False
dbo,NewDeleteCommand,,tblPurchaseOrder,,False
dbo,NewInsertCommand,,tblPurchaseOrder,,False
dbo,NewSelectCommand,,tblPurchaseOrder,,False
dbo,NewSelectCommand,dbo,RO_CompanyInfo,USER_TABLE,False
dbo,NewUpdateCommand,,tblPurchaseOrder,,False
dbo,RO_GET_ITEM,dbo,ROI_ITEMMain,USER_TABLE,False
dbo,RO_GET_UNIT,dbo,FGetUnitTB,SQL_INLINE_TABLE_VALUED_FUNCTION,False
dbo,ro_getdataforSplitBill,dbo,RO_Items,USER_TABLE,False
dbo,ro_getdataforSplitBill,dbo,RO_Order_Detail,USER_TABLE,False
dbo,ro_getdataforSplitBill,dbo,RO_OrderMasters,USER_TABLE,False
dbo,RO_SalesMaster_UPDATE,,DELETED,,False
dbo,RO_SalesMaster_UPDATE,,INSERTED,,False
dbo,RO_saveTable,dbo,RO_restroTable,USER_TABLE,False
dbo,ro_updateIsPrinted,dbo,RO_OrderMasters,USER_TABLE,False
dbo,ROI_FixInvalidSalesReturnRates,,srst,,False
dbo,ROI_FixInvalidSalesReturnRates,,stm,,False
dbo,ROI_FixInvalidSalesReturnRates,dbo,ROI_ItemMaster,,False
dbo,ROI_FixInvalidSalesReturnRates,dbo,ROI_SalesReturnStockTransaction,USER_TABLE,False
dbo,ROI_FixInvalidSalesReturnRates,dbo,ROI_StockTransactionMaster,USER_TABLE,False
dbo,ROI_GET_ITEM_RATE,dbo,FGetUnitTB,SQL_INLINE_TABLE_VALUED_FUNCTION,False
dbo,ROI_GET_ITEM_RATE,dbo,ROI_ITEMMain,USER_TABLE,False
dbo,ROI_GET_ITEM_RATE,dbo,ROI_ItemRate,USER_TABLE,False
dbo,ROI_GetUnit1,dbo,ROI_Unit1,USER_TABLE,False
dbo,ROI_GetUnit2,dbo,ROI_Unit1,USER_TABLE,False
dbo,ROI_GetUnit2,dbo,ROI_Unit2,USER_TABLE,False
dbo,ROI_GetUnitByItem,dbo,ROI_ItemDetails,USER_TABLE,False
dbo,ROI_GetUnitByUNITID,dbo,FGetUnitTB,SQL_INLINE_TABLE_VALUED_FUNCTION,False
dbo,ROI_INSERT_ITEM,dbo,ROI_ItemRate,USER_TABLE,False
dbo,ROI_INSERT_UNIT,dbo,ITEMRate,,False
dbo,ROI_PUpdateUnit1,dbo,ROI_Unit1,USER_TABLE,False
dbo,ROI_PUpdateUnit2,dbo,ROI_Unit1,USER_TABLE,False
dbo,ROI_PUpdateUnit2,dbo,ROI_Unit2,USER_TABLE,False
dbo,ROI_PUpdateUnit2,dbo,ROI_Unit3,USER_TABLE,False
dbo,ROI_SAVEPURCHASEDETAILS,dbo,CostCenterInfo,USER_TABLE,False
dbo,ROI_SAVEPURCHASEDETAILS,dbo,ROI_ItemDetails,USER_TABLE,False
dbo,ROI_SAVEPURCHASEDETAILS,dbo,ROI_PurchaseDetails,USER_TABLE,False
dbo,ROI_SAVEPURCHASEitembal,dbo,ROI_ItemDetails,USER_TABLE,False
dbo,ROI_SAVEPURCHASEitembal,dbo,ROI_PurchaseDetails,USER_TABLE,False
dbo,ROI_SAVEPURCHASEitembal,dbo,ROI_PurchaseMain,USER_TABLE,False
dbo,ROI_SAVEPURCHASEitembal,dbo,ROI_PurchaseStockTransaction,USER_TABLE,False
dbo,ROI_SAVEPURCHASEitembal,dbo,ROI_StockTransactionMaster,USER_TABLE,False
dbo,ROI_SAVEPURCHASEitembal,dbo,TempPurchaseDetail,USER_TABLE,False
dbo,ROI_SAVEPURCHASELOT,dbo,ROI_PurchaseDetails,USER_TABLE,False
dbo,ROI_SAVEPURCHASELOT,dbo,ROI_PurchaseLotNo,USER_TABLE,False
dbo,ROI_SAVEPURCHASELOT,dbo,ROI_PurchaseMain,USER_TABLE,False
dbo,ROI_SAVEPURCHASEMAIN,dbo,ROI_PurchaseMain,USER_TABLE,False
dbo,ROI_SavePurchaseReturnitembal,dbo,ROI_ITEMBal,USER_TABLE,False
dbo,ROI_SAVESalesReturnItemBal,dbo,ROI_ItemMaster,,False
dbo,ROI_SAVESalesReturnItemBal,dbo,ROI_SalesReturnStockTransaction,USER_TABLE,False
dbo,ROI_SAVESalesReturnItemBal,dbo,ROI_StockTransactionMaster,USER_TABLE,False
dbo,ROI_UNIT1DELETE,dbo,ROI_ItemDetails,USER_TABLE,False
dbo,ROI_UNIT1DELETE,dbo,ROI_PurchaseDetails,USER_TABLE,False
dbo,ROI_UNIT1DELETE,dbo,ROI_Unit1,USER_TABLE,False
dbo,ROI_UNIT2DELETE,dbo,ROI_Unit2,USER_TABLE,False
dbo,RPT_CustomerAgingReport,dbo,RO_MemberPaymentMode,USER_TABLE,False
dbo,RPT_CustomerAgingReport,dbo,RO_SalesMaster,USER_TABLE,False
dbo,RPT_CustomerAgingReport,dbo,RO_SalesPaymentMode,USER_TABLE,False
dbo,RPT_VendorAgingReport,dbo,RO_GoodsReceivedMain,USER_TABLE,False
dbo,RPT_VendorAgingReport,dbo,RO_MemberPaymentMode,USER_TABLE,False
dbo,RPT_VendorAgingReport,dbo,RO_PurchasePaymentMode,USER_TABLE,False
dbo,SalesDetailsStore,dbo,RO_Order_Detail,USER_TABLE,False
dbo,SalesDetailsStore,dbo,RO_OrderMasters,USER_TABLE,False
dbo,SalesDetailsStore,dbo,RO_SalesDetail,USER_TABLE,False
dbo,SalesDetailsStore,dbo,RO_SalesMaster,USER_TABLE,False
dbo,sp_AddPagePermission,dbo,PageModules,USER_TABLE,False
dbo,sp_AddPagePermission,dbo,PagePermission,USER_TABLE,False
dbo,sp_AddPagePermission,dbo,Portal,USER_TABLE,False
dbo,sp_AddPagePermission,dbo,UserModulePermission,USER_TABLE,False
dbo,sp_AddUpdatePage,dbo,fn_GetSettingValueBySettingKey,SQL_SCALAR_FUNCTION,False
dbo,sp_AddUpdatePage,dbo,LocalPage,USER_TABLE,False
dbo,sp_AddUpdatePage,dbo,PageMenu,USER_TABLE,False
dbo,sp_AddUpdatePage,dbo,PagePreview,USER_TABLE,False
dbo,sp_AddUpdatePage,dbo,Pages,USER_TABLE,False
dbo,sp_AddUpdatePage,dbo,sp_UpdateChildLevelTabPath,SQL_STORED_PROCEDURE,False
dbo,sp_AddUpdatePage,dbo,usp_AddUpdatePageMenu,SQL_STORED_PROCEDURE,False
dbo,sp_AdSenseAddUpdate,dbo,UserModuleSettings,USER_TABLE,False
dbo,sp_AdSenseCount,dbo,UserModuleSettings,USER_TABLE,False
dbo,sp_AdSenseDelete,dbo,UserModuleSettings,USER_TABLE,False
dbo,sp_AdSenseSettingsCount,dbo,UserModuleSettings,USER_TABLE,False
dbo,sp_AdSenseSettingsGetByUserModuleID,dbo,UserModuleSettings,USER_TABLE,False
dbo,sp_alterdiagram,dbo,sysdiagrams,USER_TABLE,False
dbo,sp_CheckUnquieModuleControlsControlType,dbo,ModuleControls,USER_TABLE,False
dbo,sp_CheckUnquieModuleDefName,dbo,ModuleDefinitions,USER_TABLE,False
dbo,sp_CheckUnquiePageName,dbo,Pages,USER_TABLE,False
dbo,sp_CheckUserModulePermissionByPermissionKey,dbo,aspnet_Users,USER_TABLE,False
dbo,sp_CheckUserModulePermissionByPermissionKey,dbo,aspnet_UsersInRoles,USER_TABLE,False
dbo,sp_CheckUserModulePermissionByPermissionKey,dbo,ModuleDefPermission,USER_TABLE,False
dbo,sp_CheckUserModulePermissionByPermissionKey,dbo,Permission,USER_TABLE,False
dbo,sp_CheckUserModulePermissionByPermissionKey,dbo,UserModulePermission,USER_TABLE,False
dbo,sp_CheckUserModulePermissionByPermissionKey,dbo,UserModules,USER_TABLE,False
dbo,sp_CheckUserModulePermissionByPermissionKeyADO,dbo,aspnet_Users,USER_TABLE,False
dbo,sp_CheckUserModulePermissionByPermissionKeyADO,dbo,aspnet_UsersInRoles,USER_TABLE,False
dbo,sp_CheckUserModulePermissionByPermissionKeyADO,dbo,ModuleDefPermission,USER_TABLE,False
dbo,sp_CheckUserModulePermissionByPermissionKeyADO,dbo,Permission,USER_TABLE,False
dbo,sp_CheckUserModulePermissionByPermissionKeyADO,dbo,UserModulePermission,USER_TABLE,False
dbo,sp_CheckUserModulePermissionByPermissionKeyADO,dbo,UserModules,USER_TABLE,False
dbo,sp_ContactUsAdd,dbo,ContactUs,USER_TABLE,False
dbo,sp_ContactUsDeletebyID,dbo,ContactUs,USER_TABLE,False
dbo,sp_ContactUsGetAll,dbo,ContactUs,USER_TABLE,False
dbo,sp_creatediagram,dbo,sysdiagrams,USER_TABLE,False
dbo,sp_DashBoardView,dbo,aspnet_Roles,USER_TABLE,False
dbo,sp_DashBoardView,dbo,aspnet_UsersInRoles,USER_TABLE,False
dbo,sp_DashBoardView,dbo,fn_IsUserInRole,SQL_SCALAR_FUNCTION,False
dbo,sp_DashBoardView,dbo,PagePermission,USER_TABLE,False
dbo,sp_DashBoardView,dbo,Pages,USER_TABLE,False
dbo,sp_DashBoardView,dbo,Portal,USER_TABLE,False
dbo,sp_DashBoardView,dbo,PortalUser,USER_TABLE,False
dbo,sp_dropdiagram,dbo,sysdiagrams,USER_TABLE,False
dbo,sp_ExtensionUpdate,dbo,Modules,USER_TABLE,False
dbo,sp_ExtensionUpdate,dbo,Packages,USER_TABLE,False
dbo,sp_GetActivationSuccessfulTokenValue,dbo,vw_SageFrameUser,VIEW,False
dbo,sp_GetActivationTokenValue,dbo,Codes,USER_TABLE,False
dbo,sp_GetActivationTokenValue,dbo,vw_SageFrameUser,VIEW,False
dbo,sp_GetAllPortals,dbo,Portal,USER_TABLE,False
dbo,sp_GetAllSettings,dbo,Portal,USER_TABLE,False
dbo,sp_GetAllSettings,dbo,SettingKey,USER_TABLE,False
dbo,sp_GetAllSettings,dbo,SettingValue,USER_TABLE,False
dbo,sp_GetControlSrcByModuleName,dbo,ModuleControls,USER_TABLE,False
dbo,sp_GetControlSrcByModuleName,dbo,Modules,USER_TABLE,False
dbo,sp_GetDefaultList,dbo,vw_Lists,VIEW,False
dbo,sp_GetExtensionSetting,dbo,ModuleControls,USER_TABLE,False
dbo,sp_GetExtensionSetting,dbo,ModuleDefinitions,USER_TABLE,False
dbo,sp_GetExtensionSetting,dbo,Modules,USER_TABLE,False
dbo,sp_GetExtensionSetting,dbo,Packages,USER_TABLE,False
dbo,sp_GetListEntriesByNameParentKeyAndPortalID,dbo,vw_Lists,VIEW,False
dbo,sp_GetListEntrybyNameValueAndEntryID,dbo,vw_Lists,VIEW,False
dbo,sp_GetListEntrybyParentId,dbo,vw_Lists,VIEW,False
dbo,sp_GetListForUniqueness,dbo,Lists,USER_TABLE,False
dbo,sp_GetListsByPortalID,dbo,vw_Lists,VIEW,False
dbo,sp_GetMessageTemplate,dbo,MessageTemplate,USER_TABLE,False
dbo,sp_GetMessageTemplateList,dbo,MessageTemplate,USER_TABLE,False
dbo,sp_GetMessageTemplateTypeList,dbo,LanguageMessageTemplateType,USER_TABLE,False
dbo,sp_GetMessageTemplateTypeList,dbo,MessageTemplateType,USER_TABLE,False
dbo,sp_GetPagePermissionByPageID,dbo,PagePermission,USER_TABLE,False
dbo,sp_GetPagePermissionByRoleID,dbo,aspnet_Roles,USER_TABLE,False
dbo,sp_GetPagePermissionByRoleID,dbo,fn_LevelPrefix,SQL_SCALAR_FUNCTION,True
dbo,sp_GetPagePermissionByRoleID,dbo,PagePermission,USER_TABLE,False
dbo,sp_GetPagePermissionByRoleID,dbo,Pages,USER_TABLE,False
dbo,sp_GetPageSetting,dbo,aspnet_Users,USER_TABLE,False
dbo,sp_GetPageSetting,dbo,aspnet_UsersInRoles,USER_TABLE,False
dbo,sp_GetPageSetting,dbo,fn_GetSettingValueBySettingKey,SQL_SCALAR_FUNCTION,True
dbo,sp_GetPageSetting,dbo,ModuleControls,USER_TABLE,False
dbo,sp_GetPageSetting,dbo,PageModules,USER_TABLE,False
dbo,sp_GetPageSetting,dbo,PagePermission,USER_TABLE,False
dbo,sp_GetPageSetting,dbo,Pages,USER_TABLE,False
dbo,sp_GetPageSetting,dbo,UserModulePermission,USER_TABLE,False
dbo,sp_GetPageSetting,dbo,UserModules,USER_TABLE,False
dbo,sp_GetPasswordRecoverySuccessfulTokenValue,dbo,vw_SageFrameUser,VIEW,False
dbo,sp_GetPasswordRecoveryTokenValue,dbo,Codes,USER_TABLE,False
dbo,sp_GetPasswordRecoveryTokenValue,dbo,vw_PortalUsers,VIEW,False
dbo,sp_GetPermissionByCodeAndKey,dbo,Permission,USER_TABLE,False
dbo,sp_GetRoleIDByRoleName,dbo,aspnet_Roles,USER_TABLE,False
dbo,sp_GetSuperRoleID,dbo,aspnet_Roles,USER_TABLE,False
dbo,sp_GetUserActivationCode,dbo,aspnet_Users,USER_TABLE,False
dbo,sp_GetUserEmail,dbo,Users,USER_TABLE,False
dbo,sp_GetUserFirstName,dbo,Users,USER_TABLE,False
dbo,sp_GetUserLastName,dbo,Users,USER_TABLE,False
dbo,sp_GetUsernameByActivationOrRecoveryCode,dbo,Codes,USER_TABLE,False
dbo,sp_GetUsernameByPortalIDAuto,dbo,aspnet_Roles,USER_TABLE,False
dbo,sp_GetUsernameByPortalIDAuto,dbo,aspnet_Users,USER_TABLE,False
dbo,sp_GetUsernameByPortalIDAuto,dbo,aspnet_UsersInRoles,USER_TABLE,False
dbo,sp_GoogleAnalyticsAddUpdate,dbo,GoogleAnalytics,USER_TABLE,False
dbo,sp_GoogleAnalyticsListActiveOnlyByPortalID,dbo,GoogleAnalytics,USER_TABLE,False
dbo,sp_GoogleAnalyticsListByPortalID,dbo,GoogleAnalytics,USER_TABLE,False
dbo,sp_helpdiagramdefinition,dbo,sysdiagrams,USER_TABLE,False
dbo,sp_helpdiagrams,dbo,sysdiagrams,USER_TABLE,False
dbo,sp_HtmlCommentAdd,dbo,HtmlComment,USER_TABLE,False
dbo,sp_HtmlCommentDeleteByCommentID,dbo,HtmlComment,USER_TABLE,False
dbo,sp_HtmlCommentGetAllByHTMLTextID,dbo,HtmlComment,USER_TABLE,False
dbo,sp_HtmlCommentGetByHTMLCommentID,dbo,HtmlComment,USER_TABLE,False
dbo,sp_HtmlCommentGetByHTMLTextID,dbo,HtmlComment,USER_TABLE,False
dbo,sp_HtmlCommentUpdate,dbo,HtmlComment,USER_TABLE,False
dbo,sp_HtmlContentSearch,dbo,HtmlText,USER_TABLE,False
dbo,sp_HtmlContentSearch,dbo,PageModules,USER_TABLE,False
dbo,sp_HtmlContentSearch,dbo,Pages,USER_TABLE,False
dbo,sp_HtmlContentSearch,dbo,Portal,USER_TABLE,False
dbo,sp_HtmlContentSearch,dbo,SageFrameSearchSettingValue,USER_TABLE,False
dbo,sp_HtmlContentSearch,dbo,SettingValue,USER_TABLE,False
dbo,sp_HtmlContentSearch,dbo,Split,SQL_TABLE_VALUED_FUNCTION,False
dbo,sp_HtmlContentSearch,dbo,udf_StripHTML,SQL_SCALAR_FUNCTION,True
dbo,sp_HtmlContentSearch,dbo,UserModules,USER_TABLE,False
dbo,sp_HtmlTextAdd,dbo,HtmlText,USER_TABLE,False
dbo,sp_HtmlTextGetByPortalAndUserModule,dbo,HtmlText,USER_TABLE,False
dbo,sp_HtmlTextUpdate,dbo,HtmlText,USER_TABLE,False
dbo,sp_ImagesGetbyPageID,dbo,Pages,USER_TABLE,False
dbo,sp_InsertUpdateSetting,dbo,SettingValue,USER_TABLE,False
dbo,sp_InsertUpdateSettings,dbo,SettingValue,USER_TABLE,False
dbo,sp_InsertUpdateSettings,dbo,Split,SQL_TABLE_VALUED_FUNCTION,False
dbo,sp_LanguageAdd,dbo,Languages,USER_TABLE,False
dbo,sp_LanguageDelete,dbo,Languages,USER_TABLE,False
dbo,sp_LanguageGet,dbo,Languages,USER_TABLE,False
dbo,sp_ListEntryDeleteByID,dbo,Lists,USER_TABLE,False
dbo,sp_ListEntryUpdate,dbo,Lists,USER_TABLE,False
dbo,sp_ListSortOrderUpdate,dbo,Lists,USER_TABLE,False
dbo,sp_LogClear,dbo,Log,USER_TABLE,False
dbo,sp_LogDeleteByLogID,dbo,Log,USER_TABLE,False
dbo,sp_LogInsert,dbo,Log,USER_TABLE,False
dbo,sp_LogType,dbo,LogType,USER_TABLE,False
dbo,sp_LogView,dbo,Log,USER_TABLE,False
dbo,sp_LogView,dbo,LogType,USER_TABLE,False
dbo,sp_LogView,dbo,Portal,USER_TABLE,False
dbo,sp_MessageTemplateAdd,dbo,MessageTemplate,USER_TABLE,False
dbo,sp_MessageTemplateAdd,dbo,MessageTemplateTypeMap,USER_TABLE,False
dbo,sp_MessageTemplateByMessageTemplateTypeID,dbo,MessageTemplate,USER_TABLE,False
dbo,sp_MessageTemplateByMessageTemplateTypeID,dbo,MessageTemplateType,USER_TABLE,False
dbo,sp_MessageTemplateByMessageTemplateTypeID,dbo,MessageTemplateTypeMap,USER_TABLE,False
dbo,sp_MessageTemplateDelete,dbo,MessageTemplate,USER_TABLE,False
dbo,sp_MessageTemplateTypeAdd,dbo,MessageTemplateType,USER_TABLE,False
dbo,sp_MessageTemplateTypeTokenListByMessageTemplateType,dbo,MessageTemplateTypeToken,USER_TABLE,False
dbo,sp_MessageTemplateTypeTokenListByMessageTemplateType,dbo,MessageToken,USER_TABLE,False
dbo,sp_MessageTemplateUpdate,dbo,MessageTemplate,USER_TABLE,False
dbo,sp_ModuleControlsAdd,dbo,ModuleControls,USER_TABLE,False
dbo,sp_ModuleControlsDeleteByModuleControlID,dbo,ModuleControls,USER_TABLE,False
dbo,sp_ModuleControlsGetByModuleControlID,dbo,ModuleControls,USER_TABLE,False
dbo,sp_ModuleControlsUpdate,dbo,ModuleControls,USER_TABLE,False
dbo,sp_ModuleDefinitionsUpdate,dbo,ModuleDefinitions,USER_TABLE,False
dbo,sp_ModuleDefPermissionAdd,dbo,aspnet_Roles,USER_TABLE,False
dbo,sp_ModuleDefPermissionAdd,dbo,ModuleDefPermission,USER_TABLE,False
dbo,sp_ModuleDefPermissionAdd,dbo,PortalModulePermission,USER_TABLE,False
dbo,sp_ModuleGetByModuleID,dbo,Modules,USER_TABLE,False
dbo,sp_ModulesAdd,dbo,ModuleDefinitions,USER_TABLE,False
dbo,sp_ModulesAdd,dbo,Modules,USER_TABLE,False
dbo,sp_ModulesAdd,dbo,Packages,USER_TABLE,False
dbo,sp_ModulesDelete,dbo,Modules,USER_TABLE,False
dbo,sp_ModulesGetByModuleID,dbo,Modules,USER_TABLE,False
dbo,sp_ModulesGetByModuleName,dbo,Modules,USER_TABLE,False
dbo,sp_ModulesGetByPortalID,dbo,Modules,USER_TABLE,False
dbo,sp_ModulesGetByPortalID,dbo,PortalModules,USER_TABLE,False
dbo,sp_ModulesGetByPortalID,dbo,SystemConstrains,USER_TABLE,False
dbo,sp_ModulesGetByPortalIDAdmin,dbo,Modules,USER_TABLE,False
dbo,sp_ModulesGetByPortalIDAdmin,dbo,PortalModules,USER_TABLE,False
dbo,sp_ModulesGetByUserModuleID,dbo,PageModules,USER_TABLE,False
dbo,sp_ModulesGetByUserModuleID,dbo,UserModules,USER_TABLE,False
dbo,sp_ModulesPermissionAdd,dbo,aspnet_Roles,USER_TABLE,False
dbo,sp_ModulesPermissionAdd,dbo,ModuleDefPermission,USER_TABLE,False
dbo,sp_ModulesPermissionAdd,dbo,PortalModulePermission,USER_TABLE,False
dbo,sp_ModulesRollBack,dbo,CoreModules,USER_TABLE,False
dbo,sp_ModulesRollBack,dbo,ModuleControls,USER_TABLE,False
dbo,sp_ModulesRollBack,dbo,ModuleDefinitions,USER_TABLE,False
dbo,sp_ModulesRollBack,dbo,ModuleDefPermission,USER_TABLE,False
dbo,sp_ModulesRollBack,dbo,Modules,USER_TABLE,False
dbo,sp_ModulesRollBack,dbo,Packages,USER_TABLE,False
dbo,sp_ModulesRollBack,dbo,PageModules,USER_TABLE,False
dbo,sp_ModulesRollBack,dbo,PortalModulePermission,USER_TABLE,False
dbo,sp_ModulesRollBack,dbo,PortalModules,USER_TABLE,False
dbo,sp_ModulesRollBack,dbo,UserModulePermission,USER_TABLE,False
dbo,sp_ModulesRollBack,dbo,UserModules,USER_TABLE,False
dbo,sp_ModulesUpdate,dbo,Modules,USER_TABLE,False
dbo,sp_NewsSearch,dbo,News,,False
dbo,sp_NewsSearch,dbo,PageModules,USER_TABLE,False
dbo,sp_NewsSearch,dbo,Pages,USER_TABLE,False
dbo,sp_NewsSearch,dbo,Portal,USER_TABLE,False
dbo,sp_NewsSearch,dbo,SageFrameSearchSettingValue,USER_TABLE,False
dbo,sp_NewsSearch,dbo,Split,SQL_TABLE_VALUED_FUNCTION,False
dbo,sp_NewsSearch,dbo,ufn_RegExpLike,,True
dbo,sp_NewsSearch,dbo,UserModules,USER_TABLE,False
dbo,sp_PackagesAdd,dbo,Packages,USER_TABLE,False
dbo,sp_PackagesDelete,dbo,Packages,USER_TABLE,False
dbo,sp_PackagesDeleteByModuleDefID,dbo,ModuleDefinitions,USER_TABLE,False
dbo,sp_PackagesDeleteByModuleID,dbo,ModuleDefinitions,USER_TABLE,False
dbo,sp_PackagesDeleteByModuleID,dbo,Modules,USER_TABLE,False
dbo,sp_PackagesDeleteByModuleID,dbo,Packages,USER_TABLE,False
dbo,sp_PackagesDeleteByModuleID,dbo,PortalModules,USER_TABLE,False
dbo,sp_PackagesGetByModuleIDAndPortalID,dbo,Packages,USER_TABLE,False
dbo,sp_PackagesGetByModules,dbo,Packages,USER_TABLE,False
dbo,sp_PackagesGetByPortalID,dbo,ModuleDefinitions,USER_TABLE,False
dbo,sp_PackagesGetByPortalID,dbo,Modules,USER_TABLE,False
dbo,sp_PackagesGetByPortalID,dbo,Packages,USER_TABLE,False
dbo,sp_PackagesGetByPortalID,dbo,PortalModules,USER_TABLE,False
dbo,sp_PackagesGetByPortalID,dbo,Split,SQL_TABLE_VALUED_FUNCTION,False
dbo,sp_PackagesGetByPortalID,dbo,UserModules,USER_TABLE,False
dbo,sp_PackagesList,dbo,Packages,USER_TABLE,False
dbo,sp_PackagesUpdateChanges,dbo,ModuleDefinitions,USER_TABLE,False
dbo,sp_PackagesUpdateChanges,dbo,Modules,USER_TABLE,False
dbo,sp_PackagesUpdateChanges,dbo,Packages,USER_TABLE,False
dbo,sp_PackagesUpdateChanges,dbo,PortalModules,USER_TABLE,False
dbo,sp_PackagesUpdateChanges,dbo,Split,SQL_TABLE_VALUED_FUNCTION,False
dbo,sp_PageGetByCustomPrefix,dbo,aspnet_Users,USER_TABLE,False
dbo,sp_PageGetByCustomPrefix,dbo,aspnet_UsersInRoles,USER_TABLE,False
dbo,sp_PageGetByCustomPrefix,dbo,fn_LevelPrefix,SQL_SCALAR_FUNCTION,True
dbo,sp_PageGetByCustomPrefix,dbo,PagePermission,USER_TABLE,False
dbo,sp_PageGetByCustomPrefix,dbo,Pages,USER_TABLE,False
dbo,sp_PageGetByParentID,dbo,aspnet_Users,USER_TABLE,False
dbo,sp_PageGetByParentID,dbo,aspnet_UsersInRoles,USER_TABLE,False
dbo,sp_PageGetByParentID,dbo,PagePermission,USER_TABLE,False
dbo,sp_PageGetByParentID,dbo,Pages,USER_TABLE,False
dbo,sp_PagePermissionByRolePermissionInsert,dbo,PagePermission,USER_TABLE,False
dbo,sp_PagePermissionByuserNamePermissionInsert,dbo,PagePermission,USER_TABLE,False
dbo,sp_PagePermissionDeleteByPageID,dbo,PagePermission,USER_TABLE,False
dbo,sp_PagePermissionDeleteByPageRoleID,dbo,PagePermission,USER_TABLE,False
dbo,sp_PagePortalGetByCustomPrefix,dbo,Pages,USER_TABLE,False
dbo,sp_PagesDelete,dbo,MenuItem,USER_TABLE,False
dbo,sp_PagesDelete,dbo,PageModules,USER_TABLE,False
dbo,sp_PagesDelete,dbo,PageModules_History,USER_TABLE,False
dbo,sp_PagesDelete,dbo,PagePermission,USER_TABLE,False
dbo,sp_PagesDelete,dbo,PagePermission_History,USER_TABLE,False
dbo,sp_PagesDelete,dbo,PagePreview,USER_TABLE,False
dbo,sp_PagesDelete,dbo,Pages,USER_TABLE,False
dbo,sp_PagesDelete,dbo,Pages_History,USER_TABLE,False
dbo,sp_PagesDelete,dbo,sp_PagesDelete,SQL_STORED_PROCEDURE,False
dbo,sp_PagesDelete,dbo,usp_PageMenuDelete,SQL_STORED_PROCEDURE,False
dbo,sp_PagesDelete,dbo,usp_UserModuleHistory,SQL_STORED_PROCEDURE,False
dbo,sp_PagesGetByPageID,dbo,MenuItem,USER_TABLE,False
dbo,sp_PagesGetByPageID,dbo,Pages,USER_TABLE,False
dbo,sp_PortalAdd,dbo,aspnet_Roles,USER_TABLE,False
dbo,sp_PortalAdd,dbo,aspnet_Users,USER_TABLE,False
dbo,sp_PortalAdd,dbo,MessageTemplate,USER_TABLE,False
dbo,sp_PortalAdd,dbo,MessageTemplateType,USER_TABLE,False
dbo,sp_PortalAdd,dbo,MessageTemplateTypeMap,USER_TABLE,False
dbo,sp_PortalAdd,dbo,MessageTemplateTypeToken,USER_TABLE,False
dbo,sp_PortalAdd,dbo,ModuleDefinitions,USER_TABLE,False
dbo,sp_PortalAdd,dbo,ModuleDefPermission,USER_TABLE,False
dbo,sp_PortalAdd,dbo,Modules,USER_TABLE,False
dbo,sp_PortalAdd,dbo,PageMenu,USER_TABLE,False
dbo,sp_PortalAdd,dbo,PagePermission,USER_TABLE,False
dbo,sp_PortalAdd,dbo,PagePreview,USER_TABLE,False
dbo,sp_PortalAdd,dbo,Pages,USER_TABLE,False
dbo,sp_PortalAdd,dbo,Portal,USER_TABLE,False
dbo,sp_PortalAdd,dbo,PortalModulePermission,USER_TABLE,False
dbo,sp_PortalAdd,dbo,PortalModules,USER_TABLE,False
dbo,sp_PortalAdd,dbo,SageFrameSearchProcedure,USER_TABLE,False
dbo,sp_PortalAdd,dbo,SettingKey,USER_TABLE,False
dbo,sp_PortalAdd,dbo,SettingValue,USER_TABLE,False
dbo,sp_PortalAdd,dbo,UserAgent,USER_TABLE,False
dbo,sp_PortalAdd,dbo,usp_PageMenuAdd,SQL_STORED_PROCEDURE,False
dbo,sp_PortalAdd,dbo,usp_sftemplate_activate,SQL_STORED_PROCEDURE,False
dbo,sp_PortalDelete,dbo,HtmlComment,USER_TABLE,False
dbo,sp_PortalDelete,dbo,HtmlText,USER_TABLE,False
dbo,sp_PortalDelete,dbo,Image,USER_TABLE,False
dbo,sp_PortalDelete,dbo,MessageTemplate,USER_TABLE,False
dbo,sp_PortalDelete,dbo,MessageTemplateType,USER_TABLE,False
dbo,sp_PortalDelete,dbo,MessageTemplateTypeMap,USER_TABLE,False
dbo,sp_PortalDelete,dbo,MessageTemplateTypeToken,USER_TABLE,False
dbo,sp_PortalDelete,dbo,PageMenu,USER_TABLE,False
dbo,sp_PortalDelete,dbo,PageModules,USER_TABLE,False
dbo,sp_PortalDelete,dbo,PagePermission,USER_TABLE,False
dbo,sp_PortalDelete,dbo,Pages,USER_TABLE,False
dbo,sp_PortalDelete,dbo,Portal,USER_TABLE,False
dbo,sp_PortalDelete,dbo,PortalModulePermission,USER_TABLE,False
dbo,sp_PortalDelete,dbo,PortalModules,USER_TABLE,False
dbo,sp_PortalDelete,dbo,PortalRole,USER_TABLE,False
dbo,sp_PortalDelete,dbo,PortalUser,USER_TABLE,False
dbo,sp_PortalDelete,dbo,Profile,USER_TABLE,False
dbo,sp_PortalDelete,dbo,ProfileValue,USER_TABLE,False
dbo,sp_PortalDelete,dbo,SettingValue,USER_TABLE,False
dbo,sp_PortalDelete,dbo,sftemplate,USER_TABLE,False
dbo,sp_PortalDelete,dbo,UserAgent,USER_TABLE,False
dbo,sp_PortalDelete,dbo,UserModulePermission,USER_TABLE,False
dbo,sp_PortalDelete,dbo,UserModules,USER_TABLE,False
dbo,sp_PortalDelete,dbo,UserModuleSettings,USER_TABLE,False
dbo,sp_PortalDelete,dbo,Users,USER_TABLE,False
dbo,sp_PortalGetByPortalID,dbo,Portal,USER_TABLE,False
dbo,sp_PortalGetList,dbo,Portal,USER_TABLE,False
dbo,sp_PortalGetList,dbo,SettingValue,USER_TABLE,False
dbo,sp_PortalModulesAdd,dbo,PortalModules,USER_TABLE,False
dbo,sp_PortalModulesGetByPortalID,dbo,Modules,USER_TABLE,False
dbo,sp_PortalModulesGetByPortalID,dbo,PortalModules,USER_TABLE,False
dbo,sp_PortalModulesUpdate,dbo,PortalModules,USER_TABLE,False
dbo,sp_PortalModulesUpdate,dbo,Split,SQL_TABLE_VALUED_FUNCTION,False
dbo,sp_PortalRoleList,dbo,aspnet_Roles,USER_TABLE,False
dbo,sp_PortalRoleList,dbo,aspnet_Users,USER_TABLE,False
dbo,sp_PortalRoleList,dbo,aspnet_UsersInRoles,USER_TABLE,False
dbo,sp_PortalRoleList,dbo,PortalRole,USER_TABLE,False
dbo,sp_PortalUpdate,dbo,Portal,USER_TABLE,False
dbo,sp_ProfileAdd,dbo,Profile,USER_TABLE,False
dbo,sp_ProfileDeleteByProfileID,dbo,Profile,USER_TABLE,False
dbo,sp_ProfileGetByProfileID,dbo,Profile,USER_TABLE,False
dbo,sp_ProfileImageFoldersGet,dbo,UserProfile,USER_TABLE,False
dbo,sp_ProfileList,dbo,Profile,USER_TABLE,False
dbo,sp_ProfileList,dbo,PropertyType,USER_TABLE,False
dbo,sp_ProfileListActive,dbo,Profile,USER_TABLE,False
dbo,sp_ProfileListActive,dbo,PropertyType,USER_TABLE,False
dbo,sp_ProfileUpdate,dbo,Profile,USER_TABLE,False
dbo,sp_ProfileUpdateDisplayOrderAndIsActiveOnly,dbo,Profile,USER_TABLE,False
dbo,sp_ProfileValueDeleteByProfileID,dbo,ProfileValue,USER_TABLE,False
dbo,sp_ProfileValueGetActiveByProfileID,dbo,ProfileValue,USER_TABLE,False
dbo,sp_PropertyTypeList,dbo,PropertyType,USER_TABLE,False
dbo,sp_renamediagram,dbo,sysdiagrams,USER_TABLE,False
dbo,sp_ro_DeleteIngredientItemByID,dbo,Ro_Ingredient,USER_TABLE,False
dbo,sp_RoleGetByUsername,dbo,aspnet_Roles,USER_TABLE,False
dbo,sp_RoleGetByUsername,dbo,aspnet_Users,USER_TABLE,False
dbo,sp_RoleGetByUsername,dbo,aspnet_UsersInRoles,USER_TABLE,False
dbo,sp_RoleGetByUsername,dbo,vw_SageFrameUser,VIEW,False
dbo,sp_SageFrameSearchProcedureAddUpdate,dbo,SageFrameSearchProcedure,USER_TABLE,False
dbo,sp_SageFrameSearchProcedureDelete,dbo,SageFrameSearchProcedure,USER_TABLE,False
dbo,sp_SageFrameSearchProcedureGet,dbo,SageFrameSearchProcedure,USER_TABLE,False
dbo,sp_SageFrameSearchProcedureList,dbo,SageFrameSearchProcedure,USER_TABLE,False
dbo,sp_SageFrameSearchSettingValueAddUpdate,dbo,CacheSearch,USER_TABLE,False
dbo,sp_SageFrameSearchSettingValueAddUpdate,dbo,SageFrameSearchSettingValue,USER_TABLE,False
dbo,sp_SageFrameSearchSettingValueAddUpdate,dbo,Split,SQL_TABLE_VALUED_FUNCTION,False
dbo,sp_SageFrameSearchSettingValueGet,dbo,SageFrameSearchSettingValue,USER_TABLE,False
dbo,sp_SageSearchBySearchKey,dbo,CacheSearch,USER_TABLE,False
dbo,sp_SageSearchBySearchKey,dbo,SageFrameSearchProcedure,USER_TABLE,False
dbo,sp_SessionTrackerAdd,dbo,SessionTracker,USER_TABLE,False
dbo,sp_SessionTrackerPageAdd,dbo,SessionTrackerPages,,False
dbo,sp_SessionTrackerUpdateEND,dbo,SessionTracker,USER_TABLE,False
dbo,sp_SessionTrackerUpdateUsername,dbo,SessionTracker,USER_TABLE,False
dbo,sp_SettingAdd,dbo,Setting,,False
dbo,sp_SettingBySettingID,dbo,Setting,,False
dbo,sp_SettingDelete,dbo,Setting,,False
dbo,sp_SettingList,dbo,Setting,,False
dbo,sp_SettingPortalAdd,dbo,SettingPortal,,False
dbo,sp_SettingPortalAddUpdateList,dbo,sp_SettingPortalUpdate,SQL_STORED_PROCEDURE,False
dbo,sp_SettingPortalByPortalID,dbo,Setting,,False
dbo,sp_SettingPortalByPortalID,dbo,SettingPortal,,False
dbo,sp_SettingPortalBySettingID,dbo,Setting,,False
dbo,sp_SettingPortalBySettingID,dbo,SettingPortal,,False
dbo,sp_SettingPortalDelete,dbo,SettingPortal,,False
dbo,sp_SettingPortalList,dbo,SettingPortal,,False
dbo,sp_SettingPortalUpdate,dbo,SettingPortal,,False
dbo,sp_SettingUpdate,dbo,Setting,,False
dbo,sp_TemplateAdd,dbo,Template,USER_TABLE,False
dbo,sp_TemplateGetList,dbo,aspnet_Roles,USER_TABLE,False
dbo,sp_TemplateGetList,dbo,aspnet_UsersInRoles,USER_TABLE,False
dbo,sp_TemplateGetList,dbo,Template,USER_TABLE,False
dbo,sp_TemplateGetList,dbo,vw_SageFrameUser,VIEW,False
dbo,sp_UpdateChildLevelTabPath,dbo,Pages,USER_TABLE,False
dbo,sp_UpdateChildLevelTabPath,dbo,sp_UpdateChildLevelTabPath,SQL_STORED_PROCEDURE,False
dbo,sp_UpdatePageAsContextMenu,dbo,Pages,USER_TABLE,False
dbo,sp_upgraddiagrams,dbo,dtproperties,,False
dbo,sp_upgraddiagrams,dbo,sysdiagrams,USER_TABLE,False
dbo,sp_UserExportList,dbo,aspnet_Membership,USER_TABLE,False
dbo,sp_UserExportList,dbo,aspnet_Roles,USER_TABLE,False
dbo,sp_UserExportList,dbo,aspnet_UsersInRoles,USER_TABLE,False
dbo,sp_UserExportList,dbo,PortalUser,USER_TABLE,False
dbo,sp_UserProfileAdd,dbo,UserProfile,USER_TABLE,False
dbo,sp_UserProfileDeleteByUserProfileID,dbo,UserProfile,USER_TABLE,False
dbo,sp_UserProfileListByPortalID,dbo,UserProfile,USER_TABLE,False
dbo,sp_UserProfileUpdate,dbo,UserProfile,USER_TABLE,False
dbo,sp_UserProfileUpdateByProfileID,dbo,UserProfile,USER_TABLE,False
dbo,sp_UsersDeleteSeleted,dbo,aspnet_Membership,USER_TABLE,False
dbo,sp_UsersDeleteSeleted,dbo,aspnet_Roles,USER_TABLE,False
dbo,sp_UsersDeleteSeleted,dbo,aspnet_Users,USER_TABLE,False
dbo,sp_UsersDeleteSeleted,dbo,aspnet_UsersInRoles,USER_TABLE,False
dbo,sp_UsersDeleteSeleted,dbo,PortalUser,USER_TABLE,False
dbo,sp_UsersDeleteSeleted,dbo,Split,SQL_TABLE_VALUED_FUNCTION,False
dbo,sp_UsersUpdateChanges,dbo,aspnet_Membership,USER_TABLE,False
dbo,sp_UsersUpdateChanges,dbo,PortalUser,USER_TABLE,False
dbo,sp_UsersUpdateChanges,dbo,Split,SQL_TABLE_VALUED_FUNCTION,False
dbo,sp_UsersUpdateChanges,dbo,Users,USER_TABLE,False
dbo,spa_archive_core_process,dbo,Arch_Configuration,USER_TABLE,False
dbo,spa_archive_core_process,dbo,SessionTracker,USER_TABLE,False
dbo,SpLicenseSel,dbo,Tenant,USER_TABLE,False
dbo,SpLicenseTsk,dbo,Tenant,USER_TABLE,False
dbo,SpTempPurchaseDetailExists,dbo,ROI_PurchaseMain,USER_TABLE,False
dbo,SpTempPurchaseDetailTsk,,ti,,False
dbo,SpTempPurchaseDetailTsk,dbo,RO_fiscalYear,USER_TABLE,False
dbo,SpTempPurchaseDetailTsk,dbo,Ro_Ingredient,USER_TABLE,False
dbo,SpTempPurchaseDetailTsk,dbo,RO_Order_Detail,USER_TABLE,False
dbo,SpTempPurchaseDetailTsk,dbo,RO_OrderItemStatus,USER_TABLE,False
dbo,SpTempPurchaseDetailTsk,dbo,ROI_ItemDetails,USER_TABLE,False
dbo,SpTempPurchaseDetailTsk,dbo,ROI_ITEMMain,USER_TABLE,False
dbo,SpTempPurchaseDetailTsk,dbo,ROI_PurchaseDetails,USER_TABLE,False
dbo,SpTempPurchaseDetailTsk,dbo,ROI_PurchaseMain,USER_TABLE,False
dbo,SpTempPurchaseDetailTsk,dbo,ROI_StockTransactionMaster,USER_TABLE,False
dbo,SpTempPurchaseDetailTsk,dbo,ROI_Unit1,USER_TABLE,False
dbo,SpTempPurchaseDetailTsk,dbo,ROI_Unit2,USER_TABLE,False
dbo,SpTempPurchaseDetailTsk,dbo,TempPurchaseDetail,USER_TABLE,False
dbo,trg_RO_Order_Detail_SeatNo,dbo,RO_Order_Detail,USER_TABLE,False
dbo,trg_RO_OrderMasters_GuestNo,dbo,RO_OrderMasters,USER_TABLE,False
dbo,trg_UpdateTableStatus_OnOrderClose,,inserted,,False
dbo,trg_UpdateTableStatus_OnOrderClose,dbo,RO_OrderMasters,USER_TABLE,False
dbo,trg_UpdateTableStatus_OnOrderClose,dbo,RO_restroTable,USER_TABLE,False
dbo,ufn_CheckMultiRoleForUser,dbo,aspnet_UsersInRoles,USER_TABLE,False
dbo,ufn_getsalesbillquantity,dbo,RO_SalesDetail,USER_TABLE,False
dbo,ufn_ro_getcostcenterdiscount,dbo,ro_flatandPerDiscount,USER_TABLE,False
dbo,ufn_sales_getpayamount,dbo,RO_PaymentModes,USER_TABLE,False
dbo,ufn_sales_getpayamount,dbo,RO_SalesPaymentMode,USER_TABLE,False
dbo,ufn_sales_getpaymentdata,dbo,RO_PaymentModes,USER_TABLE,False
dbo,ufn_sales_getpaymentdata,dbo,RO_SalesPaymentMode,USER_TABLE,False
dbo,ufnGetCOFList,dbo,Ac_FinancialAc,USER_TABLE,False
dbo,UpdateStatusOfOrderByCostCenter,dbo,RO_Order_Detail,USER_TABLE,False
dbo,UpdateStatusOfOrderByCostCenter,dbo,RO_OrderItemStatus,USER_TABLE,False
dbo,USO_RO_GetrestroFullDetail,dbo,RO_RestroRoom,USER_TABLE,False
dbo,USO_RO_GetrestroFullDetail,dbo,RO_restroTable,USER_TABLE,False
dbo,USO_RO_GetrestroFullDetail,dbo,Ro_RoomType,USER_TABLE,False
dbo,USP_Ac_AddACLoyaltyOpeningBalance,dbo,Ac_OpeningBalanceDetail,USER_TABLE,False
dbo,USP_Ac_AddACLoyaltyOpeningBalance,dbo,Ac_Transaction,USER_TABLE,False
dbo,USP_Ac_AddACLoyaltyOpeningBalance,dbo,Ac_TransactionDetail,USER_TABLE,False
dbo,USP_Ac_AddACLoyaltyOpeningBalance,dbo,RO_LoyaltyMembership,USER_TABLE,False
dbo,USP_Ac_AddACOpeningBalance,dbo,Ac_OpeningBalanceDetail,USER_TABLE,False
dbo,USP_Ac_AddACOpeningBalance,dbo,Ac_Transaction,USER_TABLE,False
dbo,USP_Ac_AddACOpeningBalance,dbo,Ac_TransactionDetail,USER_TABLE,False
dbo,usp_ac_CheckForDisplayChequeNo,dbo,Ac_FinancialAc,USER_TABLE,False
dbo,usp_ac_deleteFinancialAcByID,dbo,Ac_FinancialAc,USER_TABLE,False
dbo,usp_ac_deleteFinancialAcByID,dbo,Ac_FinancialSys,USER_TABLE,False
dbo,usp_ac_deleteFinancialAcByID,dbo,Ac_TempTransactionDetail,USER_TABLE,False
dbo,usp_ac_deleteFinancialAcByID,dbo,Ac_TransactionDetail,USER_TABLE,False
dbo,usp_ac_deleteLaundryDetailByID,dbo,L_LaundryDetails,USER_TABLE,False
dbo,USP_AC_DeleteTempTransactionByID,dbo,Ac_TempTransaction,USER_TABLE,False
dbo,usp_ac_deleteTransactionDetailByID,dbo,Ac_TempTransactionDetail,USER_TABLE,False
dbo,USP_AC_deleteVoucherTypeByID,dbo,Ac_TempTransaction,USER_TABLE,False
dbo,USP_AC_deleteVoucherTypeByID,dbo,Ac_Transaction,USER_TABLE,False
dbo,USP_AC_deleteVoucherTypeByID,dbo,Ac_VoucherType,USER_TABLE,False
dbo,usp_Ac_FinancialSysName,dbo,Ac_FinancialSys,USER_TABLE,False
dbo,usp_AC_GeneralLedgerReport,dbo,Ac_FinancialAc,USER_TABLE,False
dbo,usp_AC_GeneralLedgerReport,dbo,Ac_Transaction,USER_TABLE,False
dbo,usp_AC_GeneralLedgerReport,dbo,Ac_TransactionDetail,USER_TABLE,False
dbo,usp_AC_GeneralLedgerReport,dbo,RO_CompanyInfo,USER_TABLE,False
dbo,usp_AC_GeneralLedgerReport_New,,t,,False
dbo,usp_AC_GeneralLedgerReport_New,dbo,Ac_FinancialAc,USER_TABLE,False
dbo,usp_AC_GeneralLedgerReport_New,dbo,Ac_FinancialSys,USER_TABLE,False
dbo,usp_AC_GeneralLedgerReport_New,dbo,Ac_Transaction,USER_TABLE,False
dbo,usp_AC_GeneralLedgerReport_New,dbo,Ac_TransactionDetail,USER_TABLE,False
dbo,USP_Ac_GetAcOpeningBalance,dbo,Ac_FinancialAc,USER_TABLE,False
dbo,USP_Ac_GetAcOpeningBalance,dbo,Ac_OpeningBalanceDetail,USER_TABLE,False
dbo,USP_Ac_GetAcOpeningBalance,dbo,Ac_TransactionDetail,USER_TABLE,False
dbo,USP_Ac_GetAcOpeningBalanceById,dbo,Ac_FinancialAc,USER_TABLE,False
dbo,USP_Ac_GetAcOpeningBalanceById,dbo,Ac_OpeningBalanceDetail,USER_TABLE,False
dbo,USP_Ac_GetAcOpeningBalanceById,dbo,Ac_TransactionDetail,USER_TABLE,False
dbo,usp_ac_getAllFinancialAcForGrid,dbo,Ac_FinancialAc,USER_TABLE,False
dbo,usp_ac_getAllFinancialAcForGrid,dbo,Ac_FinancialSys,USER_TABLE,False
dbo,usp_ac_getBalanceSheets,dbo,Ac_FinancialAc,USER_TABLE,False
dbo,usp_ac_getBalanceSheets,dbo,Ac_FinancialSys,USER_TABLE,False
dbo,usp_ac_getBalanceSheets,dbo,Ac_Transaction,USER_TABLE,False
dbo,usp_ac_getBalanceSheets,dbo,Ac_TransactionDetail,USER_TABLE,False
dbo,usp_ac_getBalanceSheets,dbo,RO_fiscalYear,USER_TABLE,False
dbo,usp_ac_getBalanceSheets,dbo,vw_ROI_StockReportView,VIEW,False
dbo,usp_ac_getBalanceSheets_backup,dbo,Ac_FinancialAc,USER_TABLE,False
dbo,usp_ac_getBalanceSheets_backup,dbo,Ac_FinancialSys,USER_TABLE,False
dbo,usp_ac_getBalanceSheets_backup,dbo,Ac_Transaction,USER_TABLE,False
dbo,usp_ac_getBalanceSheets_backup,dbo,Ac_TransactionDetail,USER_TABLE,False
dbo,usp_ac_getBalanceSheets_backup,dbo,RO_fiscalYear,USER_TABLE,False
dbo,usp_ac_getBalanceSheets_backup_20190123,dbo,Ac_FinancialAc,USER_TABLE,False
dbo,usp_ac_getBalanceSheets_backup_20190123,dbo,Ac_FinancialSys,USER_TABLE,False
dbo,usp_ac_getBalanceSheets_backup_20190123,dbo,Ac_Transaction,USER_TABLE,False
dbo,usp_ac_getBalanceSheets_backup_20190123,dbo,Ac_TransactionDetail,USER_TABLE,False
dbo,usp_ac_getBalanceSheets_backup_20190123,dbo,RO_fiscalYear,USER_TABLE,False
dbo,USP_AC_getFinancialAc,dbo,Ac_FinancialAc,USER_TABLE,False
dbo,USP_AC_getFinancialAc,dbo,Ac_FinancialSys,USER_TABLE,False
dbo,USP_ac_getFinancialAcDetails,dbo,Ac_FinancialAc,USER_TABLE,False
dbo,USP_ac_getFinancialAcDetails,dbo,Ac_FinancialSys,USER_TABLE,False
dbo,USP_ac_getFinancialAcDetails,dbo,Ac_Transaction,USER_TABLE,False
dbo,USP_ac_getFinancialAcDetails,dbo,Ac_TransactionDetail,USER_TABLE,False
dbo,USP_ac_getFinancialAcDetails,dbo,RO_fiscalYear,USER_TABLE,False
dbo,usp_Ac_getParentFinancialAcName,dbo,Ac_FinancialAc,USER_TABLE,False
dbo,usp_ac_getPrevousVoucherNo,dbo,Ac_TempTransaction,USER_TABLE,False
dbo,usp_ac_getPrevousVoucherNo,dbo,RO_LoyaltyMembership,USER_TABLE,False
dbo,usp_ac_getProfitLoss,dbo,Ac_EntryType,USER_TABLE,False
dbo,usp_ac_getProfitLoss,dbo,Ac_FinancialAc,USER_TABLE,False
dbo,usp_ac_getProfitLoss,dbo,Ac_Transaction,USER_TABLE,False
dbo,usp_ac_getProfitLoss,dbo,Ac_TransactionDetail,USER_TABLE,False
dbo,usp_ac_getProfitLoss,dbo,Ac_VoucherType,USER_TABLE,False
dbo,usp_ac_getProfitLoss,dbo,vw_ROI_StockReportView,VIEW,False
dbo,usp_ac_getProfitLoss_Old,dbo,Ac_FinancialAc,USER_TABLE,False
dbo,usp_ac_getProfitLoss_Old,dbo,Ac_FinancialSys,USER_TABLE,False
dbo,usp_ac_getProfitLoss_Old,dbo,Ac_Transaction,USER_TABLE,False
dbo,usp_ac_getProfitLoss_Old,dbo,Ac_TransactionDetail,USER_TABLE,False
dbo,USP_AC_getTempTransactionList,dbo,Ac_FinancialAc,USER_TABLE,False
dbo,USP_AC_getTempTransactionList,dbo,Ac_TempTransaction,USER_TABLE,False
dbo,USP_AC_getTempTransactionList,dbo,Ac_TempTransactionDetail,USER_TABLE,False
dbo,USP_AC_getTempTransactionList,dbo,Ac_VoucherType,USER_TABLE,False
dbo,usp_ac_getTrailBalance,dbo,Ac_FinancialAc,USER_TABLE,False
dbo,usp_ac_getTrailBalance,dbo,Ac_FinancialSys,USER_TABLE,False
dbo,usp_ac_getTrailBalance,dbo,Ac_Transaction,USER_TABLE,False
dbo,usp_ac_getTrailBalance,dbo,Ac_TransactionDetail,USER_TABLE,False
dbo,usp_ac_getTrailBalance,dbo,RO_fiscalYear,USER_TABLE,False
dbo,usp_ac_getTrailBalance_backup,dbo,Ac_FinancialAc,USER_TABLE,False
dbo,usp_ac_getTrailBalance_backup,dbo,Ac_FinancialSys,USER_TABLE,False
dbo,usp_ac_getTrailBalance_backup,dbo,Ac_Transaction,USER_TABLE,False
dbo,usp_ac_getTrailBalance_backup,dbo,Ac_TransactionDetail,USER_TABLE,False
dbo,usp_ac_getTrailBalance_backup,dbo,RO_fiscalYear,USER_TABLE,False
dbo,usp_ac_getTransactionByID,dbo,Ac_FinancialAc,USER_TABLE,False
dbo,usp_ac_getTransactionByID,dbo,Ac_TempTransaction,USER_TABLE,False
dbo,usp_ac_getTransactionByID,dbo,Ac_TempTransactionDetail,USER_TABLE,False
dbo,USP_AC_GetTransactionDetailReport,dbo,Ac_Transaction,USER_TABLE,False
dbo,USP_AC_GetTransactionDetailReport,dbo,Ac_TransactionDetail,USER_TABLE,False
dbo,USP_AC_GetTransactionReport,dbo,Ac_FinancialSys,USER_TABLE,False
dbo,USP_AC_GetTransactionReport,dbo,Ac_Transaction,USER_TABLE,False
dbo,USP_AC_GetTransactionReport,dbo,Ac_TransactionDetail,USER_TABLE,False
dbo,USP_AC_GetTransactionReport,dbo,ufnGetCOFList,SQL_TABLE_VALUED_FUNCTION,False
dbo,usp_ac_getVerifiedTransactionByID,dbo,Ac_FinancialAc,USER_TABLE,False
dbo,usp_ac_getVerifiedTransactionByID,dbo,Ac_Transaction,USER_TABLE,False
dbo,usp_ac_getVerifiedTransactionByID,dbo,Ac_TransactionDetail,USER_TABLE,False
dbo,usp_ac_getVerifiedTransactionByID,dbo,Ac_VoucherType,USER_TABLE,False
dbo,usp_ac_getVerifiedTransactionByID,dbo,CostCenterInfo,USER_TABLE,False
dbo,usp_ac_getVerifiedTransactionByID,dbo,RO_CompanyInfo,USER_TABLE,False
dbo,usp_ac_getVerifiedTransactionByID,dbo,RO_CostCenterGroup,USER_TABLE,False
dbo,usp_ac_getVerifiedTransactionByID,dbo,RO_fiscalYear,USER_TABLE,False
dbo,usp_ac_getVerifiedTransactionByID,dbo,RO_GoodsReceivedDetls,USER_TABLE,False
dbo,usp_ac_getVerifiedTransactionByID,dbo,RO_GoodsReceivedMain,USER_TABLE,False
dbo,usp_ac_getVerifiedTransactionByID,dbo,RO_SalesDetail,USER_TABLE,False
dbo,usp_ac_getVerifiedTransactionByID,dbo,RO_SalesMaster,USER_TABLE,False
dbo,usp_ac_getVerifiedTransactionByID,dbo,RO_SalesPaymentMode,USER_TABLE,False
dbo,usp_ac_getVerifiedTransactionByID,dbo,ROI_ITEMMain,USER_TABLE,False
dbo,usp_ac_getVerifiedTransactionByID,dbo,ROI_PurchaseDetails,USER_TABLE,False
dbo,USP_AC_getVerifiedTransactionList,dbo,Ac_FinancialAc,USER_TABLE,False
dbo,USP_AC_getVerifiedTransactionList,dbo,Ac_Transaction,USER_TABLE,False
dbo,USP_AC_getVerifiedTransactionList,dbo,Ac_TransactionDetail,USER_TABLE,False
dbo,USP_AC_getVerifiedTransactionList,dbo,Ac_VoucherType,USER_TABLE,False
dbo,usp_ac_getVoucharTypeForDropDown,dbo,Ac_VoucherType,USER_TABLE,False
dbo,USP_AC_getVoucherTypeList,dbo,Ac_VoucherType,USER_TABLE,False
dbo,USP_Ac_MergeAcc,dbo,Ac_FinancialAc,USER_TABLE,False
dbo,USP_Ac_MergeAcc,dbo,Ac_MergeDetails,USER_TABLE,False
dbo,USP_Ac_MergeAcc,dbo,Ac_TempTransactionDetail,USER_TABLE,False
dbo,USP_Ac_MergeAcc,dbo,Ac_TransactionDetail,USER_TABLE,False
dbo,usp_Ac_saveBankInfo,dbo,Ac_BankInfo,USER_TABLE,False
dbo,usp_Ac_saveFinancialAc,dbo,Ac_FinancialAc,USER_TABLE,False
dbo,usp_ac_SaveTransaction,dbo,Ac_TempTransaction,USER_TABLE,False
dbo,usp_ac_SaveTransactionDetails,dbo,Ac_TempTransactionDetail,USER_TABLE,False
dbo,usp_ac_SaveVerifiedTransaction,dbo,Ac_TempTransaction,USER_TABLE,False
dbo,usp_ac_SaveVerifiedTransaction,dbo,Ac_Transaction,USER_TABLE,False
dbo,usp_ac_SaveVerifiedTransaction,dbo,Ac_VoucherCount,USER_TABLE,False
dbo,usp_ac_SaveVerifiedTransaction,dbo,Ac_VoucherType,USER_TABLE,False
dbo,usp_ac_SaveVerifiedTransaction,dbo,RO_fiscalYear,USER_TABLE,False
dbo,usp_ac_SaveVerifiedTransactionDetails,dbo,Ac_TransactionDetail,USER_TABLE,False
dbo,USP_AC_saveVoucherType,dbo,Ac_VoucherType,USER_TABLE,False
dbo,USP_Ac_UpdateACOpeningBalance,dbo,Ac_OpeningBalanceDetail,USER_TABLE,False
dbo,USP_Ac_UpdateACOpeningBalance,dbo,Ac_Transaction,USER_TABLE,False
dbo,USP_Ac_UpdateACOpeningBalance,dbo,Ac_TransactionDetail,USER_TABLE,False
dbo,Usp_AccountGroupDelete,,AccountGroup,,False
dbo,Usp_AccountGroupInsert,,AccountGroup,,False
dbo,Usp_AccountGroupInsert,,VoucherNumbering,,False
dbo,Usp_AccountGroupSelect,,AccountGroup,,False
dbo,Usp_AccountGroupUpdate,,AccountGroup,,False
dbo,Usp_AccountSubGroupDelete,,AccountSubGroup,,False
dbo,Usp_AccountSubGroupInsert,,AccountSubGroup,,False
dbo,Usp_AccountSubGroupInsert,,VoucherNumbering,,False
dbo,Usp_AccountSubGroupInsert,dbo,AccountSubGroup,,False
dbo,Usp_AccountSubGroupSelect,,AccountSubGroup,,False
dbo,Usp_AccountSubGroupUpdate,,AccountSubGroup,,False
dbo,Usp_AccountSubGroupUpdate,dbo,AccountSubGroup,,False
dbo,usp_ActivateUserByUserId,dbo,aspnet_Membership,USER_TABLE,False
dbo,usp_ActivateUserByUserId,dbo,Codes,USER_TABLE,False
dbo,usp_ActivateUserByUserId,dbo,PortalUser,USER_TABLE,False
dbo,usp_ActivateUserByUserId,dbo,Users,USER_TABLE,False
dbo,usp_ActivityLogAdd,dbo,LogActivity,USER_TABLE,False
dbo,usp_AddModulesOrder,dbo,LayoutMgr,USER_TABLE,False
dbo,usp_AddUpdateLocalModuleTitle,dbo,LocalModuleTitle,USER_TABLE,False
dbo,usp_AddUpdateLocalModuleTitle,dbo,UserModules,USER_TABLE,False
dbo,usp_AddUpdateLocalPage,dbo,LocalPage,USER_TABLE,False
dbo,usp_AddUpdateLocalPage,dbo,Pages,USER_TABLE,False
dbo,usp_AddUpdatePageMenu,dbo,PageMenu,USER_TABLE,False
dbo,usp_AddUpdatePageMenu,dbo,Portal,USER_TABLE,False
dbo,usp_AddUpdateUserProfile,dbo,aspnet_Membership,USER_TABLE,False
dbo,usp_AddUpdateUserProfile,dbo,PortalUser,USER_TABLE,False
dbo,usp_AddUpdateUserProfile,dbo,UserDetails,USER_TABLE,False
dbo,usp_AddUpdateUserProfile,dbo,Users,USER_TABLE,False
dbo,USP_ALL_REPORT,dbo,RO_BillingAmount,USER_TABLE,False
dbo,USP_ALL_REPORT,dbo,RO_CompanyInfo,USER_TABLE,False
dbo,USP_ALL_REPORT,dbo,RO_fiscalYear,USER_TABLE,False
dbo,USP_ALL_REPORT,dbo,RO_OrderMasters,USER_TABLE,False
dbo,USP_ALL_REPORT,dbo,RO_RestroRoom,USER_TABLE,False
dbo,USP_ALL_REPORT,dbo,RO_restroTable,USER_TABLE,False
dbo,USP_ALL_REPORT,dbo,RO_SalesMaster,USER_TABLE,False
dbo,USP_ALL_REPORT,dbo,RO_SalesPaymentMode,USER_TABLE,False
dbo,USP_ALL_REPORT,dbo,ufn_sales_getpaymentdata,SQL_TABLE_VALUED_FUNCTION,False
dbo,USP_ALL_REPORT,dbo,vw_CakeSalesReport,VIEW,False
dbo,usp_AvailableModulesAdd,dbo,AvailableModules,,False
dbo,usp_AvailableModulesGet,dbo,AvailableModules,,False
dbo,usp_AvailableModulesUpdate,dbo,AvailableModules,,False
dbo,usp_BlogRssContentAdd,dbo,BlogRssContent,USER_TABLE,False
dbo,usp_BreadCrumbGetFromMenuItem,dbo,BreadCrumbMenuItem,USER_TABLE,False
dbo,usp_BreadCrumbGetFromMenuItem,dbo,MenuItem,USER_TABLE,False
dbo,usp_BreadCrumbGetFromMenuItem,dbo,usp_BreadCrumbGetFromMenuItem,SQL_STORED_PROCEDURE,False
dbo,usp_BreadCrumbGetFromPageName,dbo,LocalPage,USER_TABLE,False
dbo,usp_BreadCrumbGetFromPageName,dbo,Pages,USER_TABLE,False
dbo,usp_BreadCrumbGetFromPageName,dbo,SettingValue,USER_TABLE,False
dbo,usp_BreadCrumbMenuItemPath,dbo,BreadCrumbMenuItem,USER_TABLE,False
dbo,USP_CAKEORDERCANCEL,dbo,RO_CakeOrderMaster,USER_TABLE,False
dbo,USP_CAKEORDERCANCEL,dbo,RO_StatusMaster,USER_TABLE,False
dbo,usp_callWaiter,dbo,CostCenterInfo,USER_TABLE,False
dbo,usp_callWaiter,dbo,RO_Order_Detail,USER_TABLE,False
dbo,usp_callWaiter,dbo,RO_OrderMasters,USER_TABLE,False
dbo,usp_callWaiter,dbo,RO_RestroRoom,USER_TABLE,False
dbo,usp_callWaiter,dbo,RO_restroTable,USER_TABLE,False
dbo,usp_callWaiter,dbo,ROI_ItemDetails,USER_TABLE,False
dbo,usp_callWaiter,dbo,WaiterNotificationLog,USER_TABLE,False
dbo,usp_callWaiterforcomp,dbo,CostCenterInfo,USER_TABLE,False
dbo,usp_callWaiterforcomp,dbo,RO_ComplementaryItems,USER_TABLE,False
dbo,usp_callWaiterforcomp,dbo,RO_RestroRoom,USER_TABLE,False
dbo,usp_callWaiterforcomp,dbo,RO_restroTable,USER_TABLE,False
dbo,usp_callWaiterforcomp,dbo,ROI_ItemDetails,USER_TABLE,False
dbo,usp_callWaiterforcomp,dbo,tblComplementaryMaster,USER_TABLE,False
dbo,usp_callWaiterforcomp,dbo,WaiterNotificationLog,USER_TABLE,False
dbo,USP_CancelComplementaryItems,dbo,RO_ComplementaryItems,USER_TABLE,False
dbo,USP_CancelComplementaryItems,dbo,RO_MergeTable,USER_TABLE,False
dbo,USP_CancelComplementaryItems,dbo,RO_OrderItemStatus,USER_TABLE,False
dbo,USP_CancelComplementaryItems,dbo,RO_restroTable,USER_TABLE,False
dbo,USP_CancelComplementaryItems,dbo,tblComplementaryMaster,USER_TABLE,False
dbo,USP_CancelledBillBYMONTHLY,dbo,RO_RestroRoom,USER_TABLE,False
dbo,USP_CancelledBillBYMONTHLY,dbo,RO_restroTable,USER_TABLE,False
dbo,USP_CancelledBillBYMONTHLY,dbo,RO_SalesMaster,USER_TABLE,False
dbo,USP_CancelledBillBYWEEKLY,dbo,RO_RestroRoom,USER_TABLE,False
dbo,USP_CancelledBillBYWEEKLY,dbo,RO_restroTable,USER_TABLE,False
dbo,USP_CancelledBillBYWEEKLY,dbo,RO_SalesMaster,USER_TABLE,False
dbo,USP_CancelledBillBYYEARLY,dbo,RO_RestroRoom,USER_TABLE,False
dbo,USP_CancelledBillBYYEARLY,dbo,RO_restroTable,USER_TABLE,False
dbo,USP_CancelledBillBYYEARLY,dbo,RO_SalesMaster,USER_TABLE,False
dbo,USP_CancelledBillREPORTBtoday,dbo,CBMS_BillPostLog,USER_TABLE,False
dbo,USP_CancelledBillREPORTBtoday,dbo,RO_CompanyInfo,USER_TABLE,False
dbo,USP_CancelledBillREPORTBtoday,dbo,RO_fiscalYear,USER_TABLE,False
dbo,USP_CancelledBillREPORTBtoday,dbo,RO_RestroRoom,USER_TABLE,False
dbo,USP_CancelledBillREPORTBtoday,dbo,RO_restroTable,USER_TABLE,False
dbo,USP_CancelledBillREPORTBtoday,dbo,RO_SalesMaster,USER_TABLE,False
dbo,USP_CancelReservation,dbo,RO_TableReservation,USER_TABLE,False
dbo,usp_cbms_CancelSalesBook,dbo,CBMS_BillPostLog,USER_TABLE,False
dbo,usp_cbms_CheckIfCBMSAlreadySent,dbo,CBMS_BillPostLog,USER_TABLE,False
dbo,USP_cbms_getCbmsData,dbo,CBMS_BillPostLog,USER_TABLE,False
dbo,USP_cbms_getCbmsData,dbo,CBMS_BillReturnPostLog,USER_TABLE,False
dbo,USP_cbms_getCbmsData,dbo,RO_SalesMaster,USER_TABLE,False
dbo,USP_cbms_getCbmsSyncedData,dbo,CBMS_BillPostLog,USER_TABLE,False
dbo,USP_cbms_getErrorBillPostLog,dbo,CBMS_BillPostLog,USER_TABLE,False
dbo,usp_cbms_GetPostedBillBySalesMasterId,dbo,CBMS_BillPostLog,USER_TABLE,False
dbo,USP_cbms_getReturnErrorBillPostLog,dbo,CBMS_BillReturnPostLog,USER_TABLE,False
dbo,USP_cbms_SaveBillPostLog,dbo,CBMS_BillPostLog,USER_TABLE,False
dbo,USP_cbms_SaveReturnBillPostLog,dbo,CBMS_BillReturnPostLog,USER_TABLE,False
dbo,USP_cbms_updatePostedBillLog,dbo,CBMS_BillPostLog,USER_TABLE,False
dbo,USP_cbms_updateReturnedBill,dbo,CBMS_BillReturnPostLog,USER_TABLE,False
dbo,usp_CDNDeleteLink,dbo,CDN,USER_TABLE,False
dbo,usp_CDNGetLink,dbo,CDN,USER_TABLE,False
dbo,usp_CDNSaveLink,dbo,CDN,USER_TABLE,False
dbo,usp_CDNSaveOrder,dbo,CDN,USER_TABLE,False
dbo,USP_ChangeBillInfo,dbo,RO_SalesMaster,USER_TABLE,False
dbo,USP_ChangeBillInfo,dbo,RO_SalesPaymentMode,USER_TABLE,False
dbo,USP_ChangePaymentMode,dbo,CBMS_BillPostLog,USER_TABLE,False
dbo,USP_ChangePaymentMode,dbo,RO_PaymentModes,USER_TABLE,False
dbo,USP_ChangePaymentMode,dbo,RO_SalesMaster,USER_TABLE,False
dbo,USP_ChangePaymentMode,dbo,RO_SalesPaymentMode,USER_TABLE,False
dbo,usp_ChangePortal,dbo,Portal,USER_TABLE,False
dbo,usp_ChangePortal,dbo,SettingValue,USER_TABLE,False
dbo,usp_ChangePortal,dbo,Template,USER_TABLE,False
dbo,usp_ChangeUserInRoles,dbo,usp_sf_UserInRolesAdd,SQL_STORED_PROCEDURE,False
dbo,usp_ChangeUserInRoles,dbo,usp_sf_UserInRolesDelete,SQL_STORED_PROCEDURE,False
dbo,USP_CheckCostCenterValid,dbo,ROI_ItemDetails,USER_TABLE,False
dbo,usp_CheckModulePermissionEdit,dbo,aspnet_Users,USER_TABLE,False
dbo,usp_CheckModulePermissionEdit,dbo,aspnet_UsersInRoles,USER_TABLE,False
dbo,usp_CheckModulePermissionEdit,dbo,ModuleDefPermission,USER_TABLE,False
dbo,usp_CheckModulePermissionEdit,dbo,UserModulePermission,USER_TABLE,False
dbo,usp_CheckModulePermissionView,dbo,aspnet_Users,USER_TABLE,False
dbo,usp_CheckModulePermissionView,dbo,aspnet_UsersInRoles,USER_TABLE,False
dbo,usp_CheckModulePermissionView,dbo,ModuleDefPermission,USER_TABLE,False
dbo,usp_CheckModulePermissionView,dbo,PageModules,USER_TABLE,False
dbo,usp_CheckModulePermissionView,dbo,PagePermission,USER_TABLE,False
dbo,usp_CheckModulePermissionView,dbo,UserModulePermission,USER_TABLE,False
dbo,usp_CheckModulePermissionView,dbo,UserModules,USER_TABLE,False
dbo,USP_CHECKPO_GOODRECEIVED,dbo,RO_GoodsReceivedDetls,USER_TABLE,False
dbo,USP_CHECKPO_GOODRECEIVED,dbo,ROI_PurchaseDetails,USER_TABLE,False
dbo,USP_ConfirmReservation,dbo,RO_TableReservation,USER_TABLE,False
dbo,usp_CostCenterGetData,dbo,CostCenterInfo,USER_TABLE,False
dbo,usp_CostCenterGetData,dbo,RO_CostCenterGroup,USER_TABLE,False
dbo,usp_CostCenterGetData,dbo,ROI_Store,USER_TABLE,False
dbo,usp_CostCenterSaveData,dbo,CostCenterInfo,USER_TABLE,False
dbo,usp_CostCenterwiseAllReport,dbo,CBMS_BillPostLog,USER_TABLE,False
dbo,usp_CostCenterwiseAllReport,dbo,CostCenterInfo,USER_TABLE,False
dbo,usp_CostCenterwiseAllReport,dbo,RO_CakeSalesDetail,USER_TABLE,False
dbo,usp_CostCenterwiseAllReport,dbo,RO_CakeSalesMaster,USER_TABLE,False
dbo,usp_CostCenterwiseAllReport,dbo,RO_SalesDetail,USER_TABLE,False
dbo,usp_CostCenterwiseAllReport,dbo,RO_SalesMaster,USER_TABLE,False
dbo,usp_CostCenterwiseAllReport,dbo,ROI_ITEMMain,USER_TABLE,False
dbo,usp_CostCenterwiseDailyReport,dbo,CBMS_BillPostLog,USER_TABLE,False
dbo,usp_CostCenterwiseDailyReport,dbo,CostCenterInfo,USER_TABLE,False
dbo,usp_CostCenterwiseDailyReport,dbo,RO_CakeSalesDetail,USER_TABLE,False
dbo,usp_CostCenterwiseDailyReport,dbo,RO_CakeSalesMaster,USER_TABLE,False
dbo,usp_CostCenterwiseDailyReport,dbo,RO_SalesDetail,USER_TABLE,False
dbo,usp_CostCenterwiseDailyReport,dbo,RO_SalesMaster,USER_TABLE,False
dbo,usp_CostCenterwiseSummaryReport,dbo,CBMS_BillPostLog,USER_TABLE,False
dbo,usp_CostCenterwiseSummaryReport,dbo,CostCenterInfo,USER_TABLE,False
dbo,usp_CostCenterwiseSummaryReport,dbo,RO_CakeSalesDetail,USER_TABLE,False
dbo,usp_CostCenterwiseSummaryReport,dbo,RO_CakeSalesMaster,USER_TABLE,False
dbo,usp_CostCenterwiseSummaryReport,dbo,RO_SalesDetail,USER_TABLE,False
dbo,usp_CostCenterwiseSummaryReport,dbo,RO_SalesMaster,USER_TABLE,False
dbo,usp_CounterPerson,dbo,Users,USER_TABLE,False
dbo,usp_CounterTotal_ForBillsUpdate,dbo,tbl_CounterTotal,USER_TABLE,False
dbo,usp_CounterTotal_ForBillsUpdate,dbo,tbl_Roi_Data,USER_TABLE,False
dbo,usp_CounterTotal_ForBillsUpdate,dbo,tbl_ROVaultNote,USER_TABLE,False
dbo,usp_CounterTotal_ForBillsUpdate,dbo,Users,USER_TABLE,False
dbo,usp_CounterTotal_ForCoinUpdate,dbo,tbl_CounterTotal,USER_TABLE,False
dbo,usp_CounterTotal_ForCoinUpdate,dbo,tbl_Roi_Data,USER_TABLE,False
dbo,usp_CounterTotal_ForCoinUpdate,dbo,tbl_ROVaultNote,USER_TABLE,False
dbo,usp_CounterTotal_ForCoinUpdate,dbo,Users,USER_TABLE,False
dbo,usp_CounterTotal_getdata,dbo,CostCenterInfo,USER_TABLE,False
dbo,usp_CounterTotal_getdata,dbo,tbl_CounterTotal,USER_TABLE,False
dbo,usp_CounterTotal_getdata,dbo,Users,USER_TABLE,False
dbo,usp_CounterTotal_getOpenBalance,dbo,tbl_CounterTotal,USER_TABLE,False
dbo,usp_CounterTotal_Insert,dbo,tbl_CounterTotal,USER_TABLE,False
dbo,usp_CounterTransaction_getAllData,dbo,CostCenterInfo,USER_TABLE,False
dbo,usp_CounterTransaction_getAllData,dbo,tbl_CTransaction,USER_TABLE,False
dbo,usp_CounterTransaction_getAllData,dbo,Users,USER_TABLE,False
dbo,USP_CreateSToreMinimumStock,dbo,StoreItemMinimumStock,USER_TABLE,False
dbo,usp_CReport_CounterView,dbo,tbl_CounterTotal,USER_TABLE,False
dbo,usp_CReport_CounterView,dbo,tbl_Roi_Data,USER_TABLE,False
dbo,usp_CReport_CounterView,dbo,tbl_ROVaultNote,USER_TABLE,False
dbo,usp_CReport_CounterView,dbo,Users,USER_TABLE,False
dbo,usp_CReport_CounterViewClose,dbo,tbl_CounterTotal,USER_TABLE,False
dbo,usp_CReport_CounterViewClose,dbo,tbl_Roi_Data,USER_TABLE,False
dbo,usp_CReport_CounterViewClose,dbo,tbl_ROVaultNote,USER_TABLE,False
dbo,usp_CReport_CounterViewClose,dbo,Users,USER_TABLE,False
dbo,usp_CReport_VaultView,dbo,tbl_Roi_Data,USER_TABLE,False
dbo,usp_CReport_VaultView,dbo,tbl_ROVaultNote,USER_TABLE,False
dbo,usp_CReport_VaultView,dbo,tbl_ROVaultTotal,USER_TABLE,False
dbo,usp_CReport_VaultView,dbo,Users,USER_TABLE,False
dbo,usp_CReport_VaultView_close,dbo,tbl_Roi_Data,USER_TABLE,False
dbo,usp_CReport_VaultView_close,dbo,tbl_ROVaultNote,USER_TABLE,False
dbo,usp_CReport_VaultView_close,dbo,tbl_ROVaultTotal,USER_TABLE,False
dbo,usp_CReport_VaultView_close,dbo,Users,USER_TABLE,False
dbo,usp_CReport_VaultViewForBills,dbo,tbl_Roi_Data,USER_TABLE,False
dbo,usp_CReport_VaultViewForBills,dbo,tbl_ROVaultNote,USER_TABLE,False
dbo,usp_CReport_VaultViewForBills,dbo,tbl_ROVaultTotal,USER_TABLE,False
dbo,usp_CReport_VaultViewForBills,dbo,Users,USER_TABLE,False
dbo,usp_CReport_VaultViewForCoin,dbo,tbl_Roi_Data,USER_TABLE,False
dbo,usp_CReport_VaultViewForCoin,dbo,tbl_ROVaultNote,USER_TABLE,False
dbo,usp_CReport_VaultViewForCoin,dbo,tbl_ROVaultTotal,USER_TABLE,False
dbo,usp_CReport_VaultViewForCoin,dbo,Users,USER_TABLE,False
dbo,usp_CTransaction_Insert,dbo,tbl_CTransaction,USER_TABLE,False
dbo,usp_currency_Note_list,dbo,RO_CompanyInfo,USER_TABLE,False
dbo,usp_currency_Note_list,dbo,RO_Currency,USER_TABLE,False
dbo,usp_currency_Note_list,dbo,tbl_ROVaultNote,USER_TABLE,False
dbo,usp_Dashboard_GetAssignedRoles,dbo,aspnet_Roles,USER_TABLE,False
dbo,usp_Dashboard_GetAssignedRoles,dbo,Dashboard_Roles,USER_TABLE,False
dbo,usp_Dashboard_GetAssignedRoles,dbo,PortalRole,USER_TABLE,False
dbo,usp_Dashboard_InsertRoles,,sp_PagePermissionDeleteByPageID,,False
dbo,usp_Dashboard_InsertRoles,,usp_UserModulesPermissionAdd,,False
dbo,usp_Dashboard_InsertRoles,dbo,Dashboard_Roles,USER_TABLE,False
dbo,usp_Dashboard_InsertRoles,dbo,ModuleDefPermission,USER_TABLE,False
dbo,usp_Dashboard_InsertRoles,dbo,PageModules,USER_TABLE,False
dbo,usp_Dashboard_InsertRoles,dbo,PagePermission,USER_TABLE,False
dbo,usp_Dashboard_InsertRoles,dbo,UserModulePermission,USER_TABLE,False
dbo,usp_Dashboard_InsertRoles,dbo,usp_UserModulePermissionDelete,SQL_STORED_PROCEDURE,False
dbo,usp_Dashboard_InsertRoles,Node,value,,True
dbo,usp_DashboardGetAdminPages,dbo,PageMenu,USER_TABLE,False
dbo,usp_DashboardGetAdminPages,dbo,Pages,USER_TABLE,False
dbo,usp_DashBoardGetAll,dbo,DashBoardSettingKey,USER_TABLE,False
dbo,usp_DashBoardGetAll,dbo,DashBoardSettingValue,USER_TABLE,False
dbo,usp_DashboardGetSettingByKey,dbo,DashboardSettingsKeyValue,USER_TABLE,False
dbo,usp_DashBoardPageModuleStatistics,dbo,aspnet_Roles,USER_TABLE,False
dbo,usp_DashBoardPageModuleStatistics,dbo,aspnet_UsersInRoles,USER_TABLE,False
dbo,usp_DashBoardPageModuleStatistics,dbo,PageMenu,USER_TABLE,False
dbo,usp_DashBoardPageModuleStatistics,dbo,Pages,USER_TABLE,False
dbo,usp_DashBoardPageModuleStatistics,dbo,PortalUser,USER_TABLE,False
dbo,usp_DashBoardPageModuleStatistics,dbo,SessionTracker,USER_TABLE,False
dbo,usp_DashBoardPageModuleStatistics,dbo,vw_PortalUsers,VIEW,False
dbo,usp_DashboardQuickLinkAdd,dbo,DashboardQuickLinks,USER_TABLE,False
dbo,usp_DashboardQuickLinkDelete,dbo,DashboardQuickLinks,USER_TABLE,False
dbo,usp_DashboardQuickLinkGet,dbo,aspnet_Users,USER_TABLE,False
dbo,usp_DashboardQuickLinkGet,dbo,aspnet_UsersInRoles,USER_TABLE,False
dbo,usp_DashboardQuickLinkGet,dbo,DashboardQuickLinks,USER_TABLE,False
dbo,usp_DashboardQuickLinkGet,dbo,PagePermission,USER_TABLE,False
dbo,usp_DashboardQuickLinkGet,dbo,Pages,USER_TABLE,False
dbo,usp_DashboardQuickLinkGetAll,dbo,aspnet_Users,USER_TABLE,False
dbo,usp_DashboardQuickLinkGetAll,dbo,aspnet_UsersInRoles,USER_TABLE,False
dbo,usp_DashboardQuickLinkGetAll,dbo,DashboardQuickLinks,USER_TABLE,False
dbo,usp_DashboardQuickLinkGetAll,dbo,PagePermission,USER_TABLE,False
dbo,usp_DashboardQuickLinkGetAll,dbo,Pages,USER_TABLE,False
dbo,usp_DashboardQuickLinkGetDetails,dbo,DashboardQuickLinks,USER_TABLE,False
dbo,usp_DashboardQuickLinkReorder,dbo,DashboardQuickLinks,USER_TABLE,False
dbo,usp_DashboardQuickLinkUpdate,dbo,DashboardQuickLinks,USER_TABLE,False
dbo,usp_DashBoardSettingAddUpdate,dbo,DashboardSettingsKeyValue,USER_TABLE,False
dbo,usp_DashBoardSettingsSelect,dbo,DashBoardSettingKey,USER_TABLE,False
dbo,usp_DashBoardSettingsSelect,dbo,DashBoardSettingValue,USER_TABLE,False
dbo,usp_DashboardSidebarAdd,dbo,DashboardSidebar,USER_TABLE,False
dbo,usp_DashboardSidebarDelete,dbo,DashboardSidebar,USER_TABLE,False
dbo,usp_DashboardSidebarGet,dbo,aspnet_Users,USER_TABLE,False
dbo,usp_DashboardSidebarGet,dbo,aspnet_UsersInRoles,USER_TABLE,False
dbo,usp_DashboardSidebarGet,dbo,DashboardSidebar,USER_TABLE,False
dbo,usp_DashboardSidebarGet,dbo,PagePermission,USER_TABLE,False
dbo,usp_DashboardSidebarGet,dbo,Pages,USER_TABLE,False
dbo,usp_DashboardSidebarGetAll,dbo,aspnet_Users,USER_TABLE,False
dbo,usp_DashboardSidebarGetAll,dbo,aspnet_UsersInRoles,USER_TABLE,False
dbo,usp_DashboardSidebarGetAll,dbo,DashboardSidebar,USER_TABLE,False
dbo,usp_DashboardSidebarGetAll,dbo,PagePermission,USER_TABLE,False
dbo,usp_DashboardSidebarGetAll,dbo,Pages,USER_TABLE,False
dbo,usp_DashboardSidebarGetDetails,dbo,DashboardSidebar,USER_TABLE,False
dbo,usp_DashboardSidebarGetParents,dbo,DashboardSidebar,USER_TABLE,False
dbo,usp_DashboardSidebarReorder,dbo,DashboardSidebar,USER_TABLE,False
dbo,usp_DashboardSidebarUpdate,dbo,DashboardSidebar,USER_TABLE,False
dbo,USP_DELETE_ITEMBALANCE,dbo,ROI_ITEMBal,USER_TABLE,False
dbo,USP_DELETE_ITEMRATE,dbo,ROI_ItemRate,USER_TABLE,False
dbo,usp_deleteCompanyInfo,dbo,RO_CompanyInfo,USER_TABLE,False
dbo,USP_DeleteGlobalizedMenubyLanguageId,dbo,RO_GlobalizedMenu,USER_TABLE,False
dbo,usp_DeleteGroupItemByID,dbo,Roi_GroupWithItem,USER_TABLE,False
dbo,USP_DeleteLoyalityCardType,dbo,LoyalityCardType,USER_TABLE,False
dbo,USP_DeleteMinimumSTock,dbo,StoreItemMinimumStock,USER_TABLE,False
dbo,USP_DELETEPurchaseMainID,dbo,ROI_PurchaseDetails,USER_TABLE,False
dbo,USP_DeleteROI_Item,dbo,ROI_ItemDetails,USER_TABLE,False
dbo,USP_DeleteROI_Item,dbo,ROI_ITEMMain,USER_TABLE,False
dbo,USP_DeleteROI_Item,dbo,StoreItemMinimumStock,USER_TABLE,False
dbo,USP_DELETESTORE,dbo,CostCenterInfo,USER_TABLE,False
dbo,USP_DELETESTORE,dbo,ROI_Store,USER_TABLE,False
dbo,usp_DeleteSystemEventStartUp,dbo,PortalStartUp,USER_TABLE,False
dbo,usp_DeleteWaiterFromLog,dbo,WaiterNotificationLog,USER_TABLE,False
dbo,usp_DoesClosingExist,dbo,tbl_Roi_Data,USER_TABLE,False
dbo,usp_DoesClosingExist,dbo,tbl_ROVaultTotal,USER_TABLE,False
dbo,usp_DoesClosingExistOfCounterTotal,dbo,tbl_CounterTotal,USER_TABLE,False
dbo,usp_DoesClosingExistOfCounterTotal,dbo,tbl_Roi_Data,USER_TABLE,False
dbo,usp_DoesopeningExist,dbo,tbl_Roi_Data,USER_TABLE,False
dbo,usp_DoesopeningExist,dbo,tbl_ROVaultTotal,USER_TABLE,False
dbo,usp_DoesopeningExistOfCounterTotal,dbo,tbl_CounterTotal,USER_TABLE,False
dbo,usp_DoesopeningExistOfCounterTotal,dbo,tbl_Roi_Data,USER_TABLE,False
dbo,usp_editItem,dbo,RO_ExtraItem,USER_TABLE,False
dbo,usp_FileManagerAddDatabaseFile,dbo,File,,False
dbo,usp_FileManagerAddFile,dbo,File,,False
dbo,usp_FileManagerAddFolder,dbo,Folder,,False
dbo,usp_FileManagerAddFolderRetFolderID,dbo,Folder,,False
dbo,usp_FileManagerAddRootFolder,dbo,Folder,,False
dbo,usp_FileManagerCopyFile,,File,,False
dbo,usp_FileManagerDeleteExistingPermissions,,folderpermission,,False
dbo,usp_FileManagerDeleteFileFolder,,file,,False
dbo,usp_FileManagerDeleteFileFolder,,folder,,False
dbo,usp_FileManagerDeleteRootFolder,,File,,False
dbo,usp_FileManagerDeleteRootFolder,,Folder,,False
dbo,usp_FileManagerDisableRootFolder,,folder,,False
dbo,usp_FileManagerEnableRootFolder,,folder,,False
dbo,usp_FileManagerGetActiveRootFolders,dbo,Folder,,False
dbo,usp_FileManagerGetAllFolders,dbo,Folder,,False
dbo,usp_FileManagerGetFileDetails,,Folder,,False
dbo,usp_FileManagerGetFileDetails,dbo,File,,False
dbo,usp_FileManagerGetFiles,,Folder,,False
dbo,usp_FileManagerGetFiles,dbo,File,,False
dbo,usp_FileManagerGetFolderPermission,dbo,FolderPermission,,False
dbo,usp_FileManagerGetFolderPermission,dbo,Permission,USER_TABLE,False
dbo,usp_FileManagerGetFolderPermission,dbo,Users,USER_TABLE,False
dbo,usp_FileManagerGetFolderPermissionByUserID,,FolderPermission,,False
dbo,usp_FileManagerGetFolderPermissionByUserID,,usp_FileManagerGetModulePermission,,False
dbo,usp_FileManagerGetFolderPermissionByUserID,dbo,aspnet_Roles,USER_TABLE,False
dbo,usp_FileManagerGetFolderPermissionByUserID,dbo,aspnet_Users,USER_TABLE,False
dbo,usp_FileManagerGetFolderPermissionByUserID,dbo,aspnet_UsersInRoles,USER_TABLE,False
dbo,usp_FileManagerGetFolderPermissionByUserID,dbo,Permission,USER_TABLE,False
dbo,usp_FileManagerGetFolders,dbo,Folder,,False
dbo,usp_FileManagerGetModulePermission,dbo,aspnet_Roles,USER_TABLE,False
dbo,usp_FileManagerGetModulePermission,dbo,aspnet_Users,USER_TABLE,False
dbo,usp_FileManagerGetModulePermission,dbo,aspnet_UsersInRoles,USER_TABLE,False
dbo,usp_FileManagerGetModulePermission,dbo,ModuleDefPermission,USER_TABLE,False
dbo,usp_FileManagerGetModulePermission,dbo,Permission,USER_TABLE,False
dbo,usp_FileManagerGetModulePermission,dbo,UserModulePermission,USER_TABLE,False
dbo,usp_FileManagerGetModulePermission,dbo,UserModules,USER_TABLE,False
dbo,usp_FileManagerGetRootFolders,dbo,Folder,,False
dbo,usp_FileManagerGetUserID,dbo,Users,USER_TABLE,False
dbo,usp_FileManagerGetUsersWithPermissions,,FolderPermission,,False
dbo,usp_FileManagerGetUsersWithPermissions,dbo,Users,USER_TABLE,False
dbo,usp_FileManagerMoveFile,,File,,False
dbo,usp_FileManagerSearchFiles,,Folder,,False
dbo,usp_FileManagerSearchFiles,dbo,File,,False
dbo,usp_FileManagerSetFolderPermission,,FolderPermission,,False
dbo,usp_FileManagerSetFolderPermission,dbo,Permission,USER_TABLE,False
dbo,usp_FileManagerSettingAddUpdate,dbo,FileManagerSettingValue,,False
dbo,usp_FileManagerSettingGetAll,dbo,FileManagerSettingKey,,False
dbo,usp_FileManagerSettingGetAll,dbo,FileManagerSettingValue,,False
dbo,usp_FileManagerUpdateFile,,File,,False
dbo,usp_FormValueDelete,,Form,,False
dbo,usp_FormValueDelete,,FormFields,,False
dbo,usp_FormValueDelete,,FormFieldValue,,False
dbo,usp_FrontPage_DeleteByID,dbo,FrontPage,USER_TABLE,False
dbo,usp_FrontPage_GetallData,dbo,FrontPage,USER_TABLE,False
dbo,usp_FrontPage_GetByID,dbo,FrontPage,USER_TABLE,False
dbo,usp_FrontPage_Insert,dbo,FrontPage,USER_TABLE,False
dbo,usp_FrontPage_Update,dbo,FrontPage,USER_TABLE,False
dbo,USP_GET_BALANCE,dbo,ROI_ItemDetails,USER_TABLE,False
dbo,USP_GET_BALANCE,dbo,ROI_OpeningStockTransaction,USER_TABLE,False
dbo,USP_GET_BALANCE,dbo,ROI_Store,USER_TABLE,False
dbo,USP_GET_BALANCE,dbo,ROI_Unit1,USER_TABLE,False
dbo,USP_GET_MEMBER_CREDIT,dbo,RO_LoyaltyMembership,USER_TABLE,False
dbo,USP_GET_MEMBER_CREDIT,dbo,tbl_cus_credit,USER_TABLE,False
dbo,USP_GET_MEMBER_CREDIT_BYID,dbo,RO_LoyaltyMembership,USER_TABLE,False
dbo,USP_GET_MEMBER_CREDIT_BYID,dbo,RO_MemberPaymentMode,USER_TABLE,False
dbo,USP_GET_MEMBER_CREDIT_BYID,dbo,RO_PaymentModes,USER_TABLE,False
dbo,USP_GET_MEMBER_CREDIT_REPORT,dbo,RO_LoyaltyMembership,USER_TABLE,False
dbo,USP_GET_MEMBER_CREDIT_REPORT,dbo,RO_RestroRoom,USER_TABLE,False
dbo,USP_GET_MEMBER_CREDIT_REPORT,dbo,RO_restroTable,USER_TABLE,False
dbo,USP_GET_MEMBER_CREDIT_REPORT,dbo,RO_SalesMaster,USER_TABLE,False
dbo,USP_GET_MEMBER_EXTRABILLING,dbo,tbl_ExtraBillingDetails,USER_TABLE,False
dbo,USP_GET_MEMBER_EXTRABILLING,dbo,tbl_ExtraBillingMaster,USER_TABLE,False
dbo,USP_GET_ROUNIT,dbo,FGetUnitTB,SQL_INLINE_TABLE_VALUED_FUNCTION,False
dbo,USP_GET_ROUNIT,dbo,ROI_ItemDetails,USER_TABLE,False
dbo,USP_GET_ROUNIT,dbo,ROI_Unit1,USER_TABLE,False
dbo,USP_GETADJSMENT,dbo,ROI_AdjustmentMain,USER_TABLE,False
dbo,USP_GETADJSMENT,dbo,ROI_Store,USER_TABLE,False
dbo,usp_getadjustmentDetails,dbo,AdjustmentDetls,,False
dbo,usp_getadjustmentDetails,dbo,AdjustmentMain,,False
dbo,usp_GetAdminPages,dbo,PageMenu,USER_TABLE,False
dbo,usp_GetAdminPages,dbo,Pages,USER_TABLE,False
dbo,usp_getAdvancePayBill,dbo,RO_AdvancePaymentMode,USER_TABLE,False
dbo,usp_getAdvancePayBill,dbo,RO_CardProvider,USER_TABLE,False
dbo,usp_getAdvancePayBill,dbo,RO_LoyaltyMembership,USER_TABLE,False
dbo,usp_getAdvancePayBill,dbo,RO_OrderMasters,USER_TABLE,False
dbo,usp_getAdvancePayBill,dbo,Ro_RoomBookings,USER_TABLE,False
dbo,usp_getAdvanceReturnBill,dbo,RO_CardProvider,USER_TABLE,False
dbo,usp_getAdvanceReturnBill,dbo,RO_LoyaltyMembership,USER_TABLE,False
dbo,usp_getAdvanceReturnBill,dbo,RO_MemberPay,USER_TABLE,False
dbo,usp_getAdvanceReturnBill,dbo,RO_MemberPaymentMode,USER_TABLE,False
dbo,USP_GETAGENTLIST,dbo,RO_Agent,USER_TABLE,False
dbo,USP_GetAllItemforCategory,dbo,CostCenterInfo,USER_TABLE,False
dbo,USP_GetAllItemforCategory,dbo,ROI_ItemDetails,USER_TABLE,False
dbo,USP_GetAllItemforCategory,dbo,ROI_ITEMMain,USER_TABLE,False
dbo,USP_GetAllItemforCategoryHirerchy,dbo,CostCenterInfo,USER_TABLE,False
dbo,USP_GetAllItemforCategoryHirerchy,dbo,fn_LevelPrefix,SQL_SCALAR_FUNCTION,True
dbo,USP_GetAllItemforCategoryHirerchy,dbo,ROI_ItemDetails,USER_TABLE,False
dbo,USP_GetAllItemforCategoryHirerchy,dbo,ROI_ITEMMain,USER_TABLE,False
dbo,USP_GetAllItemfromDatabases,dbo,CostCenterInfo,USER_TABLE,False
dbo,USP_GetAllItemfromDatabases,dbo,RO_ExtraItem,USER_TABLE,False
dbo,USP_GetAllItemfromDatabases,dbo,ROI_ItemDetails,USER_TABLE,False
dbo,USP_GetAllItemfromDatabases,dbo,ROI_ITEMMain,USER_TABLE,False
dbo,USP_GetAllItemfromDatabases,dbo,ROI_ItemRate,USER_TABLE,False
dbo,USP_GetAllItems,dbo,CostCenterInfo,USER_TABLE,False
dbo,USP_GetAllItems,dbo,fn_LevelPrefix,SQL_SCALAR_FUNCTION,True
dbo,USP_GetAllItems,dbo,RO_ExtraItem,USER_TABLE,False
dbo,USP_GetAllItems,dbo,ROI_ItemDetails,USER_TABLE,False
dbo,USP_GetAllItems,dbo,ROI_ITEMMain,USER_TABLE,False
dbo,USP_GetAllItems,dbo,ROI_ItemRate,USER_TABLE,False
dbo,USP_GetAllItems,dbo,ROI_Unit1,USER_TABLE,False
dbo,usp_getallproduct,dbo,PR_ProductionInstant,USER_TABLE,False
dbo,usp_GetAllSalesProvidersReport,dbo,CBMS_BillPostLog,USER_TABLE,False
dbo,usp_GetAllSalesProvidersReport,dbo,RO_AdvancePaymentMode,USER_TABLE,False
dbo,usp_GetAllSalesProvidersReport,dbo,RO_BillingAmount,USER_TABLE,False
dbo,usp_GetAllSalesProvidersReport,dbo,RO_CardProvider,USER_TABLE,False
dbo,usp_GetAllSalesProvidersReport,dbo,RO_fiscalYear,USER_TABLE,False
dbo,usp_GetAllSalesProvidersReport,dbo,RO_LoyaltyMembership,USER_TABLE,False
dbo,usp_GetAllSalesProvidersReport,dbo,RO_MemberPay,USER_TABLE,False
dbo,usp_GetAllSalesProvidersReport,dbo,RO_MemberPaymentMode,USER_TABLE,False
dbo,usp_GetAllSalesProvidersReport,dbo,RO_OrderMasters,USER_TABLE,False
dbo,usp_GetAllSalesProvidersReport,dbo,Ro_RoomBookings,USER_TABLE,False
dbo,usp_GetAllSalesProvidersReport,dbo,RO_SalesMaster,USER_TABLE,False
dbo,usp_GetAllSalesProvidersReport,dbo,RO_SalesPaymentMode,USER_TABLE,False
dbo,usp_GetAllSecurePages,dbo,Pages,USER_TABLE,False
dbo,usp_GetAllSettings,dbo,Portal,USER_TABLE,False
dbo,usp_GetAllSettings,dbo,SettingKey,USER_TABLE,False
dbo,usp_GetAllSettings,dbo,SettingValue,USER_TABLE,False
dbo,usp_GetApplicationInfo,dbo,aspnet_Applications,USER_TABLE,False
dbo,usp_GetAuditLog,dbo,CBMS_BillPostLog,USER_TABLE,False
dbo,usp_GetAuditLog,dbo,DBLog,USER_TABLE,False
dbo,usp_GetAuditLog,dbo,PrintDetail,USER_TABLE,False
dbo,usp_GetAuditLog,dbo,RO_Combo,USER_TABLE,False
dbo,usp_GetAuditLog,dbo,RO_CompanyInfo,USER_TABLE,False
dbo,usp_GetAuditLog,dbo,RO_fiscalYear,USER_TABLE,False
dbo,usp_GetAuditLog,dbo,RO_Order_Detail,USER_TABLE,False
dbo,usp_GetAuditLog,dbo,RO_OrderMasters,USER_TABLE,False
dbo,usp_GetAuditLog,dbo,RO_restroTable,USER_TABLE,False
dbo,usp_GetAuditLog,dbo,Ro_RoomType,USER_TABLE,False
dbo,usp_GetAuditLog,dbo,RO_SalesMaster,USER_TABLE,False
dbo,usp_GetAuditLog,dbo,ROI_ITEMMain,USER_TABLE,False
dbo,usp_GetAuditLog,dbo,ROI_ItemRateHistory,USER_TABLE,False
dbo,USP_getAutoRecquistionNo,dbo,Req_Recquistion,USER_TABLE,False
dbo,usp_getBillterm,dbo,RO_BillTerm,USER_TABLE,False
dbo,usp_GetBlogRssContent,dbo,BlogRssContent,USER_TABLE,False
dbo,usp_GetBrowser_Report,dbo,SessionTracker,USER_TABLE,False
dbo,usp_getcakediscount,dbo,RO_Discount,USER_TABLE,False
dbo,USP_getcakeordernobyOrdermasterId,dbo,RO_CakeOrderMaster,USER_TABLE,False
dbo,USP_getcakeordernobyOrdermasterId,dbo,RO_CakeOrderToken,USER_TABLE,False
dbo,USP_GetCakeOrders,dbo,RO_CakeOrder_Detail,USER_TABLE,False
dbo,USP_GetCakeOrders,dbo,RO_CakeOrderMaster,USER_TABLE,False
dbo,USP_GetCancelledOrderBY,dbo,Order_Detail_Cancel,USER_TABLE,False
dbo,USP_GetCashier,dbo,RO_Sales_View,USER_TABLE,False
dbo,USP_GETCOMBOBYID,dbo,RO_Combo,USER_TABLE,False
dbo,USP_GETCOMBOBYID,dbo,RO_ComboDetails,USER_TABLE,False
dbo,USP_GETCOMBOBYID,dbo,ROI_ITEMMain,USER_TABLE,False
dbo,USP_GETCOMBOBYID,dbo,ROI_ItemRate,USER_TABLE,False
dbo,usp_getcombomenu,dbo,RO_Combo,USER_TABLE,False
dbo,usp_getcompanyInfo,dbo,RO_BillTerm,USER_TABLE,False
dbo,usp_getcompanyInfo,dbo,RO_CompanyInfo,USER_TABLE,False
dbo,USP_GetCompDataFromCostCenterID,dbo,Comp_ExtraItem,USER_TABLE,False
dbo,USP_GetCompDataFromCostCenterID,dbo,CompItemStatus,USER_TABLE,False
dbo,USP_GetCompDataFromCostCenterID,dbo,RO_Combo,USER_TABLE,False
dbo,USP_GetCompDataFromCostCenterID,dbo,RO_ComplementaryItems,USER_TABLE,False
dbo,USP_GetCompDataFromCostCenterID,dbo,RO_ItemStatus,USER_TABLE,False
dbo,USP_GetCompDataFromCostCenterID,dbo,RO_RestroRoom,USER_TABLE,False
dbo,USP_GetCompDataFromCostCenterID,dbo,RO_restroTable,USER_TABLE,False
dbo,USP_GetCompDataFromCostCenterID,dbo,ROI_ItemDetails,USER_TABLE,False
dbo,USP_GetCompDataFromCostCenterID,dbo,ROI_ITEMMain,USER_TABLE,False
dbo,USP_GetCompDataFromCostCenterID,dbo,ROI_ItemRate,USER_TABLE,False
dbo,USP_GetCompDataFromCostCenterID,dbo,tblComplementaryMaster,USER_TABLE,False
dbo,USP_GETCOMPDETAILS,dbo,CompItemStatus,USER_TABLE,False
dbo,USP_GETCOMPDETAILS,dbo,RO_Combo,USER_TABLE,False
dbo,USP_GETCOMPDETAILS,dbo,RO_ComplementaryItems,USER_TABLE,False
dbo,USP_GETCOMPDETAILS,dbo,RO_ItemStatus,USER_TABLE,False
dbo,USP_GETCOMPDETAILS,dbo,ROI_ITEMMain,USER_TABLE,False
dbo,USP_GetCostCenter,dbo,CostCenterInfo,USER_TABLE,False
dbo,USP_GetCostCenterGroup,dbo,RO_CostCenterGroup,USER_TABLE,False
dbo,usp_GetCountry_Report,dbo,SessionTracker,USER_TABLE,False
dbo,USP_GETCREDITPAYBILL,dbo,RO_CardProvider,USER_TABLE,False
dbo,USP_GETCREDITPAYBILL,dbo,RO_LoyaltyMembership,USER_TABLE,False
dbo,USP_GETCREDITPAYBILL,dbo,RO_MemberPay,USER_TABLE,False
dbo,USP_GETCREDITPAYBILL,dbo,RO_MemberPaymentMode,USER_TABLE,False
dbo,USP_GETCREDITPAYBILL,dbo,RO_PaymentModes,USER_TABLE,False
dbo,USP_GetCustomer,dbo,RO_Sales_View,USER_TABLE,False
dbo,usp_GetCustomerBalance,dbo,RO_LoyaltyMembership,USER_TABLE,False
dbo,usp_GetCustomerBalanceByID,dbo,RO_LoyaltyMembership,USER_TABLE,False
dbo,usp_GetCustomerBalanceByID,dbo,RO_MemberPaymentMode,USER_TABLE,False
dbo,usp_GetCustomerBalanceByID,dbo,RO_PaymentModes,USER_TABLE,False
dbo,usp_getCustomerBalanceReport,dbo,RO_LoyaltyMembership,USER_TABLE,False
dbo,usp_getCustomerBalanceReport,dbo,RO_RestroRoom,USER_TABLE,False
dbo,usp_getCustomerBalanceReport,dbo,RO_restroTable,USER_TABLE,False
dbo,usp_getCustomerBalanceReport,dbo,RO_SalesMaster,USER_TABLE,False
dbo,usp_GetCustomerEvents,dbo,RO_LoyaltyMembership,USER_TABLE,False
dbo,USP_GetCustomerFromRoomBooking,dbo,Ro_RoomBookings,USER_TABLE,False
dbo,USP_GetCustomerNameFromRoomBooking,dbo,Ro_RoomBookings,USER_TABLE,False
dbo,usp_GetDailyVisit,dbo,SessionTracker,USER_TABLE,False
dbo,usp_getdatabyBest,dbo,RO_Items,USER_TABLE,False
dbo,usp_getdatabyBest,dbo,RO_RestroRoom,USER_TABLE,False
dbo,usp_getdatabyBest,dbo,RO_restroTable,USER_TABLE,False
dbo,usp_getdatabyBest,dbo,RO_SalesDetail,USER_TABLE,False
dbo,usp_getdatabyBest,dbo,RO_SalesMaster,USER_TABLE,False
dbo,usp_getdatabyBest,dbo,ROI_ITEMMain,USER_TABLE,False
dbo,usp_getdatabyeRange,dbo,RO_OrderMasters,USER_TABLE,False
dbo,usp_getdatabyeRange,dbo,RO_RestroRoom,USER_TABLE,False
dbo,usp_getdatabyeRange,dbo,RO_restroTable,USER_TABLE,False
dbo,USP_GETDATABYMONTHLY,dbo,RO_fiscalYear,USER_TABLE,False
dbo,USP_GETDATABYMONTHLY,dbo,RO_RestroRoom,USER_TABLE,False
dbo,USP_GETDATABYMONTHLY,dbo,RO_restroTable,USER_TABLE,False
dbo,USP_GETDATABYMONTHLY,dbo,RO_SalesMaster,USER_TABLE,False
dbo,USP_GETDATABYMONTHLY_CUS,dbo,RO_LoyaltyMembership,USER_TABLE,False
dbo,USP_GETDATABYMONTHLY_CUS,dbo,RO_RestroRoom,USER_TABLE,False
dbo,USP_GETDATABYMONTHLY_CUS,dbo,RO_restroTable,USER_TABLE,False
dbo,USP_GETDATABYMONTHLY_CUS,dbo,RO_SalesMaster,USER_TABLE,False
dbo,USP_GETDATABYMONTHLYByReportNumber,dbo,Ro_AdjustmentType,USER_TABLE,False
dbo,USP_GETDATABYMONTHLYByReportNumber,dbo,RO_BillingAmount,USER_TABLE,False
dbo,USP_GETDATABYMONTHLYByReportNumber,dbo,RO_BillTerm,USER_TABLE,False
dbo,USP_GETDATABYMONTHLYByReportNumber,dbo,RO_fiscalYear,USER_TABLE,False
dbo,USP_GETDATABYMONTHLYByReportNumber,dbo,RO_LoyaltyMembership,USER_TABLE,False
dbo,USP_GETDATABYMONTHLYByReportNumber,dbo,RO_OrderMasters,USER_TABLE,False
dbo,USP_GETDATABYMONTHLYByReportNumber,dbo,RO_RestroRoom,USER_TABLE,False
dbo,USP_GETDATABYMONTHLYByReportNumber,dbo,RO_restroTable,USER_TABLE,False
dbo,USP_GETDATABYMONTHLYByReportNumber,dbo,RO_SalesMaster,USER_TABLE,False
dbo,USP_GETDATABYMONTHLYByReportNumber,dbo,ROI_AdjustmentDetls,USER_TABLE,False
dbo,USP_GETDATABYMONTHLYByReportNumber,dbo,ROI_AdjustmentMain,USER_TABLE,False
dbo,USP_GETDATABYMONTHLYByReportNumber,dbo,ROI_ITEMMain,USER_TABLE,False
dbo,USP_GETDATABYMONTHLYByReportNumber,dbo,ROI_PurchaseDetails,USER_TABLE,False
dbo,USP_GETDATABYMONTHLYByReportNumber,dbo,ROI_PurchaseLotNo,USER_TABLE,False
dbo,USP_GETDATABYMONTHLYByReportNumber,dbo,ROI_PurchaseMain,USER_TABLE,False
dbo,USP_GETDATABYMONTHLYByReportNumber,dbo,ROI_Store,USER_TABLE,False
dbo,USP_GETDATABYMONTHLYByReportNumber,dbo,ROI_Unit1,USER_TABLE,False
dbo,USP_GETDATABYYEARLY,dbo,RO_fiscalYear,USER_TABLE,False
dbo,USP_GETDATABYYEARLY,dbo,RO_RestroRoom,USER_TABLE,False
dbo,USP_GETDATABYYEARLY,dbo,RO_restroTable,USER_TABLE,False
dbo,USP_GETDATABYYEARLY,dbo,RO_SalesMaster,USER_TABLE,False
dbo,USP_GETDATABYYEARLY_CUS,dbo,RO_LoyaltyMembership,USER_TABLE,False
dbo,USP_GETDATABYYEARLY_CUS,dbo,RO_RestroRoom,USER_TABLE,False
dbo,USP_GETDATABYYEARLY_CUS,dbo,RO_restroTable,USER_TABLE,False
dbo,USP_GETDATABYYEARLY_CUS,dbo,RO_SalesMaster,USER_TABLE,False
dbo,USP_GETDATABYYEARLYByReportNumber,dbo,Ro_AdjustmentType,USER_TABLE,False
dbo,USP_GETDATABYYEARLYByReportNumber,dbo,RO_BillingAmount,USER_TABLE,False
dbo,USP_GETDATABYYEARLYByReportNumber,dbo,RO_BillTerm,USER_TABLE,False
dbo,USP_GETDATABYYEARLYByReportNumber,dbo,RO_fiscalYear,USER_TABLE,False
dbo,USP_GETDATABYYEARLYByReportNumber,dbo,RO_LoyaltyMembership,USER_TABLE,False
dbo,USP_GETDATABYYEARLYByReportNumber,dbo,RO_OrderMasters,USER_TABLE,False
dbo,USP_GETDATABYYEARLYByReportNumber,dbo,RO_RestroRoom,USER_TABLE,False
dbo,USP_GETDATABYYEARLYByReportNumber,dbo,RO_restroTable,USER_TABLE,False
dbo,USP_GETDATABYYEARLYByReportNumber,dbo,RO_SalesMaster,USER_TABLE,False
dbo,USP_GETDATABYYEARLYByReportNumber,dbo,ROI_AdjustmentDetls,USER_TABLE,False
dbo,USP_GETDATABYYEARLYByReportNumber,dbo,ROI_AdjustmentMain,USER_TABLE,False
dbo,USP_GETDATABYYEARLYByReportNumber,dbo,ROI_ITEMMain,USER_TABLE,False
dbo,USP_GETDATABYYEARLYByReportNumber,dbo,ROI_PurchaseDetails,USER_TABLE,False
dbo,USP_GETDATABYYEARLYByReportNumber,dbo,ROI_PurchaseLotNo,USER_TABLE,False
dbo,USP_GETDATABYYEARLYByReportNumber,dbo,ROI_PurchaseMain,USER_TABLE,False
dbo,USP_GETDATABYYEARLYByReportNumber,dbo,ROI_Store,USER_TABLE,False
dbo,USP_GETDATABYYEARLYByReportNumber,dbo,ROI_Unit1,USER_TABLE,False
dbo,USP_GetDayPartWise_Sales_Report,dbo,DailySalesReport,USER_TABLE,False
dbo,usp_GetDaySalesProvidersReport,dbo,CBMS_BillPostLog,USER_TABLE,False
dbo,usp_GetDaySalesProvidersReport,dbo,RO_AdvancePaymentMode,USER_TABLE,False
dbo,usp_GetDaySalesProvidersReport,dbo,RO_BillingAmount,USER_TABLE,False
dbo,usp_GetDaySalesProvidersReport,dbo,RO_CardProvider,USER_TABLE,False
dbo,usp_GetDaySalesProvidersReport,dbo,RO_MemberPay,USER_TABLE,False
dbo,usp_GetDaySalesProvidersReport,dbo,RO_MemberPaymentMode,USER_TABLE,False
dbo,usp_GetDaySalesProvidersReport,dbo,RO_OrderMasters,USER_TABLE,False
dbo,usp_GetDaySalesProvidersReport,dbo,Ro_RoomBookings,USER_TABLE,False
dbo,usp_GetDaySalesProvidersReport,dbo,RO_SalesMaster,USER_TABLE,False
dbo,usp_GetDaySalesProvidersReport,dbo,RO_SalesPaymentMode,USER_TABLE,False
dbo,USP_getDetailsFromVendor,dbo,Req_IssueLog,USER_TABLE,False
dbo,USP_getDetailsFromVendor,dbo,Req_Recquistion,USER_TABLE,False
dbo,USP_getDetailsFromVendor,dbo,Req_RecquistionDetails,USER_TABLE,False
dbo,USP_getDetailsFromVendor,dbo,RO_GoodsReceivedDetls,USER_TABLE,False
dbo,USP_getDetailsFromVendor,dbo,RO_ItemStatus,USER_TABLE,False
dbo,USP_getDetailsFromVendor,dbo,RO_LoyaltyMembership,USER_TABLE,False
dbo,USP_getDetailsFromVendor,dbo,RO_VendorPurchase,USER_TABLE,False
dbo,USP_getDetailsFromVendor,dbo,ROI_ITEMMain,USER_TABLE,False
dbo,USP_getDetailsFromVendor,dbo,ROI_PurchaseDetails,USER_TABLE,False
dbo,USP_getDetailsFromVendor,dbo,ROI_Unit1,USER_TABLE,False
dbo,USP_getDetailsFromVendor,dbo,ROI_Unit2,USER_TABLE,False
dbo,usp_getDueCredit,dbo,RO_LoyaltyMembership,USER_TABLE,False
dbo,usp_GetEventLocationList,dbo,SystemEventLocation,USER_TABLE,False
dbo,usp_getfiscalYear,dbo,RO_fiscalYear,USER_TABLE,False
dbo,usp_getflatandperdiscount,dbo,ro_flatandPerDiscount,USER_TABLE,False
dbo,usp_GetGarbageReport,dbo,RO_Combo,USER_TABLE,False
dbo,usp_GetGarbageReport,dbo,RO_GarbageDetail,USER_TABLE,False
dbo,usp_GetGarbageReport,dbo,RO_restroTable,USER_TABLE,False
dbo,usp_GetGarbageReport,dbo,ROI_ITEMMain,USER_TABLE,False
dbo,Usp_getGetReservedTable,dbo,RO_ReservedTable,USER_TABLE,False
dbo,Usp_getGetReservedTable,dbo,RO_restroTable,USER_TABLE,False
dbo,Usp_getGetReservedTable,dbo,RO_TableReservation,USER_TABLE,False
dbo,Usp_getGetReservedTableinFront,dbo,RO_ReservedTable,USER_TABLE,False
dbo,Usp_getGetReservedTableinFront,dbo,RO_restroTable,USER_TABLE,False
dbo,Usp_getGetReservedTableinFront,dbo,Ro_RoomBookings,USER_TABLE,False
dbo,Usp_getGetReservedTableinFront,dbo,RO_TableReservation,USER_TABLE,False
dbo,Usp_getGetReservedTableReport,dbo,RO_ReservedTable,USER_TABLE,False
dbo,Usp_getGetReservedTableReport,dbo,RO_restroTable,USER_TABLE,False
dbo,Usp_getGetReservedTableReport,dbo,RO_TableReservation,USER_TABLE,False
dbo,Usp_GetGoodReceiveDetailsbyGmNo,dbo,RO_GoodsReceivedDetls,USER_TABLE,False
dbo,Usp_GetGoodReceiveDetailsbyGmNo,dbo,RO_GoodsReceivedMain,USER_TABLE,False
dbo,Usp_GetGoodReceiveDetailsbyGmNo,dbo,RO_LoyaltyMembership,USER_TABLE,False
dbo,Usp_GetGoodReceiveDetailsbyGmNo,dbo,RO_PurchaseReturnDetails,USER_TABLE,False
dbo,Usp_GetGoodReceiveDetailsbyGmNo,dbo,ROI_ITEMMain,USER_TABLE,False
dbo,Usp_GetGoodReceiveDetailsbyGmNo,dbo,ROI_PurchaseDetails,USER_TABLE,False
dbo,Usp_GetGoodReceiveDetailsbyGmNo,dbo,ROI_Store,USER_TABLE,False
dbo,Usp_GetGoodReceiveDetailsbyGmNo,dbo,ROI_Unit1,USER_TABLE,False
dbo,USP_GetGoodRecievedPO,dbo,RO_GoodsReceivedDetls,USER_TABLE,False
dbo,USP_GetGoodRecievedPO,dbo,RO_GoodsReceivedMain,USER_TABLE,False
dbo,USP_GetGoodRecievedPO,dbo,ROI_PurchaseDetails,USER_TABLE,False
dbo,USP_GetGoodRecievedPO,dbo,ROI_PurchaseMain,USER_TABLE,False
dbo,Usp_getGoodsReceiveMain,dbo,RO_GoodsReceivedDetls,USER_TABLE,False
dbo,Usp_getGoodsReceiveMain,dbo,RO_GoodsReceivedMain,USER_TABLE,False
dbo,Usp_getGoodsReceiveMain,dbo,RO_PurchaseReturnDetails,USER_TABLE,False
dbo,Usp_getGoodsReceiveReport,dbo,Req_Recquistion,USER_TABLE,False
dbo,Usp_getGoodsReceiveReport,dbo,Req_RecquistionDetails,USER_TABLE,False
dbo,Usp_getGoodsReceiveReport,dbo,RO_GoodsReceivedDetls,USER_TABLE,False
dbo,Usp_getGoodsReceiveReport,dbo,RO_GoodsReceivedMain,USER_TABLE,False
dbo,Usp_getGoodsReceiveReport,dbo,RO_LoyaltyMembership,USER_TABLE,False
dbo,Usp_getGoodsReceiveReport,dbo,RO_PaymentModes,USER_TABLE,False
dbo,Usp_getGoodsReceiveReport,dbo,RO_PurchasePaymentMode,USER_TABLE,False
dbo,Usp_getGoodsReceiveReport,dbo,ROI_ITEMMain,USER_TABLE,False
dbo,Usp_getGoodsReceiveReport,dbo,ROI_PurchaseDetails,USER_TABLE,False
dbo,Usp_getGoodsReceiveReport,dbo,ROI_PurchaseMain,USER_TABLE,False
dbo,Usp_getGoodsReceiveReport,dbo,ROI_Unit1,USER_TABLE,False
dbo,usp_GetgridDatatable,dbo,aspnet_Roles,USER_TABLE,False
dbo,usp_GetgridDatatable,dbo,aspnet_Users,USER_TABLE,False
dbo,usp_GetgridDatatable,dbo,aspnet_UsersInRoles,USER_TABLE,False
dbo,usp_GetgridDatatable,dbo,Users,USER_TABLE,False
dbo,usp_getIngredientByID,dbo,Ro_Ingredient,USER_TABLE,False
dbo,usp_getIngredientByID,dbo,ROI_ItemDetails,USER_TABLE,False
dbo,usp_getIngredientByID,dbo,ROI_ITEMMain,USER_TABLE,False
dbo,usp_getIngredientByID,dbo,ROI_PurchaseDetails,USER_TABLE,False
dbo,usp_getIngredientByID,dbo,ROI_Unit1,USER_TABLE,False
dbo,USP_GetInventoryItem,dbo,ROI_ItemDetails,USER_TABLE,False
dbo,USP_GetInventoryItem,dbo,ROI_ITEMMain,USER_TABLE,False
dbo,USP_GetInventoryItem,dbo,ROI_ItemRate,USER_TABLE,False
dbo,USP_GetInventoryItems,dbo,CostCenterInfo,USER_TABLE,False
dbo,USP_GetInventoryItems,dbo,RO_ExtraItem,USER_TABLE,False
dbo,USP_GetInventoryItems,dbo,ROI_ItemDetails,USER_TABLE,False
dbo,USP_GetInventoryItems,dbo,ROI_ITEMMain,USER_TABLE,False
dbo,USP_GetInventoryItems,dbo,ROI_ItemRate,USER_TABLE,False
dbo,USP_GetInventoryItems,dbo,ROI_PurchaseDetails,USER_TABLE,False
dbo,USP_GetInventoryItems,dbo,ROI_Unit1,USER_TABLE,False
dbo,USP_GetIssueDetails,dbo,ROI_IssueDetails,USER_TABLE,False
dbo,USP_GetIssueDetails,dbo,ROI_IssueMain,USER_TABLE,False
dbo,USP_GetIssueDetails,dbo,ROI_ITEMMain,USER_TABLE,False
dbo,USP_GetIssueDetails,dbo,ROI_Store,USER_TABLE,False
dbo,USP_GetIssueDetails,dbo,ROI_Unit1,USER_TABLE,False
dbo,USP_GetIssueDetailsFromUser,dbo,aspnet_Users,USER_TABLE,False
dbo,USP_GetIssueDetailsFromUser,dbo,ROI_IssueMain,USER_TABLE,False
dbo,USP_GetIssueDetailsFromUser,dbo,ROI_Store,USER_TABLE,False
dbo,USP_GETIssueReport,dbo,ROI_IssueDetails,USER_TABLE,False
dbo,USP_GETIssueReport,dbo,ROI_IssueMain,USER_TABLE,False
dbo,USP_GETIssueReport,dbo,ROI_ITEMMain,USER_TABLE,False
dbo,USP_GETIssueReport,dbo,ROI_Store,USER_TABLE,False
dbo,USP_GETIssueReport,dbo,ROI_Unit1,USER_TABLE,False
dbo,USP_GETIssueReport,dbo,ROI_Unit2,USER_TABLE,False
dbo,USP_GETITEMFORCUMBO,dbo,ROI_ItemDetails,USER_TABLE,False
dbo,USP_GETITEMFORCUMBO,dbo,ROI_ITEMMain,USER_TABLE,False
dbo,USP_GETITEMFORCUMBO,dbo,ROI_ItemRate,USER_TABLE,False
dbo,USP_GETITEMFORREQ,dbo,ROI_ITEMMain,USER_TABLE,False
dbo,USP_GETITEMFROMCATEGORY,dbo,ROI_ItemDetails,USER_TABLE,False
dbo,USP_GETITEMFROMCATEGORY,dbo,ROI_ITEMMain,USER_TABLE,False
dbo,usp_getItemIngreidentsList,dbo,fn_GetConversion,SQL_SCALAR_FUNCTION,True
dbo,usp_getItemIngreidentsList,dbo,RO_GoodsReceivedDetls,USER_TABLE,False
dbo,usp_getItemIngreidentsList,dbo,Ro_Ingredient,USER_TABLE,False
dbo,usp_getItemIngreidentsList,dbo,ROI_ItemDetails,USER_TABLE,False
dbo,usp_getItemIngreidentsList,dbo,ROI_ITEMMain,USER_TABLE,False
dbo,usp_getItemIngreidentsList,dbo,ROI_ItemRate,USER_TABLE,False
dbo,usp_getItemIngreidentsList,dbo,ROI_PurchaseDetails,USER_TABLE,False
dbo,usp_getItemIngreidentsList,dbo,ROI_Unit1,USER_TABLE,False
dbo,usp_getItemIngreidentsList_bak,dbo,RO_GoodsReceivedDetls,USER_TABLE,False
dbo,usp_getItemIngreidentsList_bak,dbo,Ro_Ingredient,USER_TABLE,False
dbo,usp_getItemIngreidentsList_bak,dbo,ROI_ItemDetails,USER_TABLE,False
dbo,usp_getItemIngreidentsList_bak,dbo,ROI_ITEMMain,USER_TABLE,False
dbo,usp_getItemIngreidentsList_bak,dbo,ROI_ItemRate,USER_TABLE,False
dbo,usp_getItemIngreidentsList_bak,dbo,ROI_PurchaseDetails,USER_TABLE,False
dbo,usp_getItemIngreidentsList_bak,dbo,ROI_Unit1,USER_TABLE,False
dbo,USP_getItemledger,dbo,CBMS_BillPostLog,USER_TABLE,False
dbo,USP_getItemledger,dbo,RO_Combo,USER_TABLE,False
dbo,USP_getItemledger,dbo,RO_ComboDetails,USER_TABLE,False
dbo,USP_getItemledger,dbo,RO_ComplementaryItems,USER_TABLE,False
dbo,USP_getItemledger,dbo,RO_GoodsReceivedDetls,USER_TABLE,False
dbo,USP_getItemledger,dbo,RO_GoodsReceivedMain,USER_TABLE,False
dbo,USP_getItemledger,dbo,Ro_Ingredient,USER_TABLE,False
dbo,USP_getItemledger,dbo,RO_PurchaseReturnDetails,USER_TABLE,False
dbo,USP_getItemledger,dbo,RO_PurchaseReturnMain,USER_TABLE,False
dbo,USP_getItemledger,dbo,RO_SalesDetail,USER_TABLE,False
dbo,USP_getItemledger,dbo,RO_SalesMaster,USER_TABLE,False
dbo,USP_getItemledger,dbo,ROI_AdjustmentDetls,USER_TABLE,False
dbo,USP_getItemledger,dbo,ROI_AdjustmentMain,USER_TABLE,False
dbo,USP_getItemledger,dbo,ROI_ITEMBal,USER_TABLE,False
dbo,USP_getItemledger,dbo,ROI_ItemDetails,USER_TABLE,False
dbo,USP_getItemledger,dbo,ROI_ITEMMain,USER_TABLE,False
dbo,USP_getItemledger,dbo,ROI_PurchaseDetails,USER_TABLE,False
dbo,USP_getItemledger,dbo,ROI_Unit1,USER_TABLE,False
dbo,USP_getItemledger,dbo,ROI_Unit2,USER_TABLE,False
dbo,USP_getItemledger,dbo,tblComplementaryMaster,USER_TABLE,False
dbo,USP_GetItemsForGlobalization,dbo,fn_LevelPrefix,SQL_SCALAR_FUNCTION,True
dbo,USP_GetItemsForGlobalization,dbo,RO_GlobalizedMenu,USER_TABLE,False
dbo,USP_GetItemsForGlobalization,dbo,ROI_ITEMMain,USER_TABLE,False
dbo,USP_GETLatestCashDenomination,dbo,CashDenomination,USER_TABLE,False
dbo,usp_GetLedgerDetail,dbo,Ac_FinancialAc,USER_TABLE,False
dbo,usp_GetLedgerDetail,dbo,Ac_Transaction,USER_TABLE,False
dbo,usp_GetLedgerDetail,dbo,Ac_TransactionDetail,USER_TABLE,False
dbo,usp_GetLedgerDetail,dbo,Ac_VoucherType,USER_TABLE,False
dbo,usp_GetLoginUserCreditLimit,dbo,aspnet_Roles,USER_TABLE,False
dbo,USP_GetLoyalityCardType,dbo,LoyalityCardType,USER_TABLE,False
dbo,USP_GetLoyalityDiscountByCard,dbo,LoyalityCardType,USER_TABLE,False
dbo,usp_GetMailKey,dbo,NL_SettingValue,USER_TABLE,False
dbo,usp_GetMailValue,dbo,NL_SettingValue,USER_TABLE,False
dbo,USP_GETMEMBERBYEMAIL,dbo,RO_LoyaltyMembership,USER_TABLE,False
dbo,USP_GetMemberByID,dbo,RO_LoyaltyMembership,USER_TABLE,False
dbo,USP_GetMemberDetailsbyinfo,dbo,RO_LoyaltyMembership,USER_TABLE,False
dbo,USP_GETMEMBERSHIPFORM,dbo,RO_LoyaltyMembership,USER_TABLE,False
dbo,USP_GETMEMBERSHIPNAME,dbo,RO_LoyaltyMembership,USER_TABLE,False
dbo,usp_GetMembershipSettings,dbo,MembershipSettings,USER_TABLE,False
dbo,USP_GETMEMBERSHIPVENDORNAME,dbo,RO_LoyaltyMembership,USER_TABLE,False
dbo,usp_GetModuleInformation,dbo,Modules,USER_TABLE,False
dbo,usp_GetMonthlyVisit,dbo,SessionTracker,USER_TABLE,False
dbo,usp_getNumberOfCounter,dbo,CostCenterInfo,USER_TABLE,False
dbo,USP_GetOrderCancelledBY,dbo,Order_Detail_Cancel,USER_TABLE,False
dbo,USP_GetOrderCancelResponsible,dbo,Order_Detail_Cancel,USER_TABLE,False
dbo,USP_GetOrderCancelResponsible,dbo,RO_OrderMasters,USER_TABLE,False
dbo,USP_GETORDERDELIVEREDTIME,dbo,CBMS_BillPostLog,USER_TABLE,False
dbo,USP_GETORDERDELIVEREDTIME,dbo,RO_BillingAmount,USER_TABLE,False
dbo,USP_GETORDERDELIVEREDTIME,dbo,RO_CompanyInfo,USER_TABLE,False
dbo,USP_GETORDERDELIVEREDTIME,dbo,RO_fiscalYear,USER_TABLE,False
dbo,USP_GETORDERDELIVEREDTIME,dbo,RO_OrderMasters,USER_TABLE,False
dbo,USP_GETORDERDELIVEREDTIME,dbo,RO_PaymentModes,USER_TABLE,False
dbo,USP_GETORDERDELIVEREDTIME,dbo,RO_RestroRoom,USER_TABLE,False
dbo,USP_GETORDERDELIVEREDTIME,dbo,RO_restroTable,USER_TABLE,False
dbo,USP_GETORDERDELIVEREDTIME,dbo,RO_SalesMaster,USER_TABLE,False
dbo,USP_GETORDERDELIVEREDTIME,dbo,RO_SalesPaymentMode,USER_TABLE,False
dbo,USP_GetOrderDetailForGarbageDetail,dbo,RO_Combo,USER_TABLE,False
dbo,USP_GetOrderDetailForGarbageDetail,dbo,RO_ItemStatus,USER_TABLE,False
dbo,USP_GetOrderDetailForGarbageDetail,dbo,RO_Order_Detail,USER_TABLE,False
dbo,USP_GetOrderDetailForGarbageDetail,dbo,RO_OrderItemStatus,USER_TABLE,False
dbo,USP_GetOrderDetailForGarbageDetail,dbo,RO_OrderMasters,USER_TABLE,False
dbo,USP_GetOrderDetailForGarbageDetail,dbo,RO_RestroRoom,USER_TABLE,False
dbo,USP_GetOrderDetailForGarbageDetail,dbo,RO_restroTable,USER_TABLE,False
dbo,USP_GetOrderDetailForGarbageDetail,dbo,ROI_ITEMMain,USER_TABLE,False
dbo,usp_GetOrderedExtraItemByCompMaster,dbo,Comp_ExtraItem,USER_TABLE,False
dbo,usp_GetOrderedExtraItemByCompMaster,dbo,CompItemStatus,USER_TABLE,False
dbo,usp_GetOrderedExtraItemByCompMaster,dbo,RO_ComplementaryItems,USER_TABLE,False
dbo,USP_getordernobyOrdermasterId,dbo,RO_OrderMasters,USER_TABLE,False
dbo,USP_getordernobyOrdermasterId,dbo,RO_OrderToken,USER_TABLE,False
dbo,USP_getOrderTokenByOrderMasterId,dbo,RO_LoyaltyMembership,USER_TABLE,False
dbo,USP_getOrderTokenByOrderMasterId,dbo,RO_OrderToken,USER_TABLE,False
dbo,USP_GETORDERTYPE,dbo,RO_OrderType,USER_TABLE,False
dbo,usp_getOutOfStockItems,dbo,ROI_Store,USER_TABLE,False
dbo,usp_getOutOfStockItems,dbo,StoreItemMinimumStock,USER_TABLE,False
dbo,usp_getOutOfStockItems,dbo,vw_ROI_StockReportView,VIEW,False
dbo,usp_GetPageModulesByPageID,dbo,PageModules,USER_TABLE,False
dbo,usp_GetPageModulesByPageID,dbo,UserModules,USER_TABLE,False
dbo,usp_GetPages,dbo,PageMenu,USER_TABLE,False
dbo,usp_GetPages,dbo,PagePreview,USER_TABLE,False
dbo,usp_GetPages,dbo,Pages,USER_TABLE,False
dbo,usp_GetPageSettingByPageSEOName,dbo,aspnet_Users,USER_TABLE,False
dbo,usp_GetPageSettingByPageSEOName,dbo,aspnet_UsersInRoles,USER_TABLE,False
dbo,usp_GetPageSettingByPageSEOName,dbo,fn_EditPermissionExists,SQL_SCALAR_FUNCTION,True
dbo,usp_GetPageSettingByPageSEOName,dbo,PagePermission,USER_TABLE,False
dbo,usp_GetPageSettingByPageSEOName,dbo,Pages,USER_TABLE,False
dbo,usp_GetPageSettingByPageSEOName,dbo,Split,SQL_TABLE_VALUED_FUNCTION,False
dbo,usp_GetPageSettingByPageSEOName,dbo,vw_PageUserModules,VIEW,False
dbo,usp_GetPageSettingByPageSEONameForAdmin,dbo,aspnet_Roles,USER_TABLE,False
dbo,usp_GetPageSettingByPageSEONameForAdmin,dbo,aspnet_Users,USER_TABLE,False
dbo,usp_GetPageSettingByPageSEONameForAdmin,dbo,aspnet_UsersInRoles,USER_TABLE,False
dbo,usp_GetPageSettingByPageSEONameForAdmin,dbo,fn_GetSettingValueBySettingKey,SQL_SCALAR_FUNCTION,True
dbo,usp_GetPageSettingByPageSEONameForAdmin,dbo,ModuleControls,USER_TABLE,False
dbo,usp_GetPageSettingByPageSEONameForAdmin,dbo,PageModules,USER_TABLE,False
dbo,usp_GetPageSettingByPageSEONameForAdmin,dbo,PagePermission,USER_TABLE,False
dbo,usp_GetPageSettingByPageSEONameForAdmin,dbo,Pages,USER_TABLE,False
dbo,usp_GetPageSettingByPageSEONameForAdmin,dbo,Portal,USER_TABLE,False
dbo,usp_GetPageSettingByPageSEONameForAdmin,dbo,PortalUser,USER_TABLE,False
dbo,usp_GetPageSettingByPageSEONameForAdmin,dbo,UserModulePermission,USER_TABLE,False
dbo,usp_GetPageSettingByPageSEONameForAdmin,dbo,UserModules,USER_TABLE,False
dbo,usp_GetPageSettingByPageSEONameForAdmin_new,dbo,aspnet_Roles,USER_TABLE,False
dbo,usp_GetPageSettingByPageSEONameForAdmin_new,dbo,aspnet_Users,USER_TABLE,False
dbo,usp_GetPageSettingByPageSEONameForAdmin_new,dbo,aspnet_UsersInRoles,USER_TABLE,False
dbo,usp_GetPageSettingByPageSEONameForAdmin_new,dbo,fn_GetSettingValueBySettingKey,SQL_SCALAR_FUNCTION,True
dbo,usp_GetPageSettingByPageSEONameForAdmin_new,dbo,ModuleControls,USER_TABLE,False
dbo,usp_GetPageSettingByPageSEONameForAdmin_new,dbo,PageModules,USER_TABLE,False
dbo,usp_GetPageSettingByPageSEONameForAdmin_new,dbo,PagePermission,USER_TABLE,False
dbo,usp_GetPageSettingByPageSEONameForAdmin_new,dbo,Pages,USER_TABLE,False
dbo,usp_GetPageSettingByPageSEONameForAdmin_new,dbo,UserModulePermission,USER_TABLE,False
dbo,usp_GetPageSettingByPageSEONameForAdmin_new,dbo,UserModules,USER_TABLE,False
dbo,USP_GetPointScheme,dbo,RO_PointScheme,USER_TABLE,False
dbo,usp_GetPortalStartUpList,dbo,PortalStartUp,USER_TABLE,False
dbo,usp_GetPreviousProduction,dbo,RO_ProductionMain,USER_TABLE,False
dbo,usp_GetPreviousProduction,dbo,ROI_ITEMMain,USER_TABLE,False
dbo,usp_GetPreviousProduction,dbo,ROI_Unit1,USER_TABLE,False
dbo,usp_GetPreviousProductionDetailsById,dbo,RO_ProductionDetails,USER_TABLE,False
dbo,usp_GetPreviousProductionDetailsById,dbo,ROI_ITEMMain,USER_TABLE,False
dbo,usp_GetPreviousProductionDetailsById,dbo,ROI_Unit1,USER_TABLE,False
dbo,USP_GetProductionByID,dbo,RO_ProductionDetails,USER_TABLE,False
dbo,USP_GetProductionByID,dbo,RO_ProductionMain,USER_TABLE,False
dbo,USP_GetProductionByID,dbo,ROI_ITEMMain,USER_TABLE,False
dbo,USP_GetProductionByID,dbo,ROI_Store,USER_TABLE,False
dbo,USP_GetProductionByID,dbo,ROI_Unit1,USER_TABLE,False
dbo,USP_GetProductionMain,dbo,RO_ProductionMain,USER_TABLE,False
dbo,USP_GetProductionMain,dbo,ROI_ITEMMain,USER_TABLE,False
dbo,USP_GetProductionMain,dbo,ROI_Store,USER_TABLE,False
dbo,USP_GetProductionMain,dbo,ROI_Unit1,USER_TABLE,False
dbo,USP_GetProdUsedbyID,dbo,PR_RawUsed,USER_TABLE,False
dbo,USP_GetProdUsedbyID,dbo,ROI_ITEMMain,USER_TABLE,False
dbo,USP_GetProdUsedbyID,dbo,ROI_Store,USER_TABLE,False
dbo,usp_getPurchaseDetails,dbo,ROI_ITEMMain,USER_TABLE,False
dbo,usp_getPurchaseDetails,dbo,ROI_PurchaseDetails,USER_TABLE,False
dbo,usp_getPurchaseDetails,dbo,ROI_Unit1,USER_TABLE,False
dbo,usp_getPurchaseDetailsbyID,dbo,ROI_ITEMMain,USER_TABLE,False
dbo,usp_getPurchaseDetailsbyID,dbo,ROI_PurchaseDetails,USER_TABLE,False
dbo,usp_getPurchaseDetailsbyID,dbo,ROI_PurchaseLotNo,USER_TABLE,False
dbo,usp_getPurchaseDetailsbyID,dbo,ROI_Unit1,USER_TABLE,False
dbo,USP_GETPURCHASEORDER,,tblPurchaseOrder,,False
dbo,USP_GETPURCHASEORDERBYORDER,,tblPurchaseOrder,,False
dbo,Usp_getPurchaseReport,dbo,RO_fiscalYear,USER_TABLE,False
dbo,Usp_getPurchaseReport,dbo,RO_LoyaltyMembership,USER_TABLE,False
dbo,Usp_getPurchaseReport,dbo,ROI_ITEMMain,USER_TABLE,False
dbo,Usp_getPurchaseReport,dbo,ROI_PurchaseDetails,USER_TABLE,False
dbo,Usp_getPurchaseReport,dbo,ROI_PurchaseMain,USER_TABLE,False
dbo,Usp_getPurchaseReport,dbo,ROI_Unit1,USER_TABLE,False
dbo,usp_getPurchaseReportByPuNo,dbo,RO_fiscalYear,USER_TABLE,False
dbo,usp_getPurchaseReportByPuNo,dbo,RO_LoyaltyMembership,USER_TABLE,False
dbo,usp_getPurchaseReportByPuNo,dbo,ROI_ITEMMain,USER_TABLE,False
dbo,usp_getPurchaseReportByPuNo,dbo,ROI_PurchaseDetails,USER_TABLE,False
dbo,usp_getPurchaseReportByPuNo,dbo,ROI_PurchaseMain,USER_TABLE,False
dbo,usp_getPurchaseReportByPuNo,dbo,ROI_Unit1,USER_TABLE,False
dbo,USP_GetPurchaseReturnDetailsByPRNo,dbo,RO_fiscalYear,USER_TABLE,False
dbo,USP_GetPurchaseReturnDetailsByPRNo,dbo,RO_GoodsReceivedDetls,USER_TABLE,False
dbo,USP_GetPurchaseReturnDetailsByPRNo,dbo,RO_GoodsReceivedMain,USER_TABLE,False
dbo,USP_GetPurchaseReturnDetailsByPRNo,dbo,RO_LoyaltyMembership,USER_TABLE,False
dbo,USP_GetPurchaseReturnDetailsByPRNo,dbo,RO_PaymentModes,USER_TABLE,False
dbo,USP_GetPurchaseReturnDetailsByPRNo,dbo,RO_PurchaseReturnDetails,USER_TABLE,False
dbo,USP_GetPurchaseReturnDetailsByPRNo,dbo,RO_PurchaseReturnMain,USER_TABLE,False
dbo,USP_GetPurchaseReturnDetailsByPRNo,dbo,RO_PurchaseReturnPaymentMode,USER_TABLE,False
dbo,USP_GetPurchaseReturnDetailsByPRNo,dbo,ROI_ITEMMain,USER_TABLE,False
dbo,USP_GetPurchaseReturnDetailsByPRNo,dbo,ROI_Unit1,USER_TABLE,False
dbo,USP_GetPurchaseReturnMain,dbo,RO_GoodsReceivedDetls,USER_TABLE,False
dbo,USP_GetPurchaseReturnMain,dbo,RO_GoodsReceivedMain,USER_TABLE,False
dbo,USP_GetPurchaseReturnMain,dbo,RO_PurchaseReturnDetails,USER_TABLE,False
dbo,USP_GetPurchaseReturnMain,dbo,RO_PurchaseReturnMain,USER_TABLE,False
dbo,USP_GetPurchaseReturnMain,dbo,ROI_PurchaseDetails,USER_TABLE,False
dbo,USP_GetPurchaseReturnMain,dbo,ROI_PurchaseMain,USER_TABLE,False
dbo,usp_GetRefPage,dbo,SessionTracker,USER_TABLE,False
dbo,usp_GetRefPage_Report,dbo,SessionTracker,USER_TABLE,False
dbo,USP_GetreleasebyID,dbo,PR_ProductRelease,USER_TABLE,False
dbo,USP_GetreleasebyID,dbo,ROI_ITEMMain,USER_TABLE,False
dbo,USP_GetreleasebyID,dbo,ROI_Store,USER_TABLE,False
dbo,usp_GetRestro_layout,dbo,Restro_Layout,USER_TABLE,False
dbo,usp_GetRestro_layout,dbo,RO_MergeTable,USER_TABLE,False
dbo,usp_GetRestro_layout,dbo,RO_Order_Detail,USER_TABLE,False
dbo,usp_GetRestro_layout,dbo,RO_OrderMasters,USER_TABLE,False
dbo,usp_GetRestro_layout,dbo,RO_RestroRoom,USER_TABLE,False
dbo,usp_GetRestro_layout,dbo,RO_restroTable,USER_TABLE,False
dbo,usp_GetRestro_layout,dbo,Ro_RoomBookings,USER_TABLE,False
dbo,usp_getRestroRoom,dbo,RO_RestroRoom,USER_TABLE,False
dbo,usp_getRestroRoom,dbo,RO_restroTable,USER_TABLE,False
dbo,USP_GETRESTROROOMID,dbo,RO_restroTable,USER_TABLE,False
dbo,USP_GETRESTROROOMIDFROMTYPE,dbo,RO_RestroRoom,USER_TABLE,False
dbo,usp_getrestrotable,dbo,RO_restroTable,USER_TABLE,False
dbo,usp_GetROIItemParint,dbo,CostCenterInfo,USER_TABLE,False
dbo,usp_GetROIItemParint,dbo,fn_LevelPrefix,SQL_SCALAR_FUNCTION,True
dbo,usp_GetROIItemParint,dbo,ROI_ItemDetails,USER_TABLE,False
dbo,usp_GetROIItemParint,dbo,ROI_ITEMMain,USER_TABLE,False
dbo,usp_getRoomNoByRoomType,dbo,RO_restroTable,USER_TABLE,False
dbo,USP_GETROOMREPORT,dbo,RO_restroTable,USER_TABLE,False
dbo,USP_GETROOMREPORT,dbo,Ro_RoomBookings,USER_TABLE,False
dbo,usp_GetSageFramePortalList,dbo,aspnet_Roles,USER_TABLE,False
dbo,usp_GetSageFramePortalList,dbo,PortalRole,USER_TABLE,False
dbo,usp_GetSageFrameUserList,dbo,PortalUser,USER_TABLE,False
dbo,USP_GetSalesDetailClass,dbo,RO_SalesDetail,USER_TABLE,False
dbo,USP_GetSalesDetailClass,dbo,ROI_SalesStockTransaction,USER_TABLE,False
dbo,usp_GetScheduleDates,dbo,ScheduleDate,USER_TABLE,False
dbo,usp_GetSettingValueByIndividualKey,dbo,SettingKey,USER_TABLE,False
dbo,usp_GetSettingValueByIndividualKey,dbo,SettingValue,USER_TABLE,False
dbo,usp_getshowNote,dbo,CostCenterInfo,USER_TABLE,False
dbo,usp_getshowNote,dbo,tbl_CounterTotal,USER_TABLE,False
dbo,usp_getshowNote,dbo,tbl_Roi_Data,USER_TABLE,False
dbo,usp_getshowNote,dbo,tbl_ROVaultNote,USER_TABLE,False
dbo,usp_getshowNote,dbo,Users,USER_TABLE,False
dbo,USP_GetStockTransactionDetail,dbo,vw_ROI_StockReportView,VIEW,False
dbo,usp_GetSummarySalesProvidersReport,dbo,CBMS_BillPostLog,USER_TABLE,False
dbo,usp_GetSummarySalesProvidersReport,dbo,RO_AdvancePaymentMode,USER_TABLE,False
dbo,usp_GetSummarySalesProvidersReport,dbo,RO_BillingAmount,USER_TABLE,False
dbo,usp_GetSummarySalesProvidersReport,dbo,RO_CardProvider,USER_TABLE,False
dbo,usp_GetSummarySalesProvidersReport,dbo,RO_MemberPay,USER_TABLE,False
dbo,usp_GetSummarySalesProvidersReport,dbo,RO_MemberPaymentMode,USER_TABLE,False
dbo,usp_GetSummarySalesProvidersReport,dbo,RO_OrderMasters,USER_TABLE,False
dbo,usp_GetSummarySalesProvidersReport,dbo,Ro_RoomBookings,USER_TABLE,False
dbo,usp_GetSummarySalesProvidersReport,dbo,RO_SalesMaster,USER_TABLE,False
dbo,usp_GetSummarySalesProvidersReport,dbo,RO_SalesPaymentMode,USER_TABLE,False
dbo,usp_GetSuspendedIP,dbo,SuspendedIP,USER_TABLE,False
dbo,usp_GetSystemEventStartUpDetails,dbo,PortalStartUp,USER_TABLE,False
dbo,usp_GetSystemEventStartUpList,dbo,PortalStartUp,USER_TABLE,False
dbo,usp_getsystemuser,dbo,UserDetails,USER_TABLE,False
dbo,usp_GetTopBrowser,dbo,SessionTracker,USER_TABLE,False
dbo,usp_GetTopFiveBrowser,dbo,SessionTracker,USER_TABLE,False
dbo,usp_GetTopFivevisitCountry,dbo,SessionTracker,USER_TABLE,False
dbo,usp_GetTopFivevisitedPage,dbo,SessionTracker,USER_TABLE,False
dbo,usp_GetTopvisitCountry,dbo,SessionTracker,USER_TABLE,False
dbo,usp_GetTopvisitedPage,dbo,SessionTracker,USER_TABLE,False
dbo,usp_GetTopvisitedPageSearch,dbo,SessionTracker,USER_TABLE,False
dbo,USP_GetTradingOrders,dbo,RO_CakeOrder_Detail,USER_TABLE,False
dbo,USP_GetTradingOrders,dbo,RO_CakeOrderMaster,USER_TABLE,False
dbo,USP_GetUnitByItem,dbo,FGetUnitOf,SQL_INLINE_TABLE_VALUED_FUNCTION,False
dbo,USP_GetUnitByItem,dbo,ROI_ItemDetails,USER_TABLE,False
dbo,USP_GetUnitByItem,dbo,ROI_ITEMMain,USER_TABLE,False
dbo,usp_GetUnitOfItemByID,dbo,ROI_ItemDetails,USER_TABLE,False
dbo,usp_GetUnitOfItemByID,dbo,ROI_ItemRate,USER_TABLE,False
dbo,usp_GetUnitOfItemByID,dbo,ROI_Unit1,USER_TABLE,False
dbo,USP_GETUNITTB,dbo,FGetUnitTB,SQL_INLINE_TABLE_VALUED_FUNCTION,False
dbo,usp_GetUserByEmail,dbo,aspnet_Membership,USER_TABLE,False
dbo,usp_GetUserByEmail,dbo,aspnet_Users,USER_TABLE,False
dbo,usp_GetUserByEmail,dbo,MembershipSettings,USER_TABLE,False
dbo,usp_GetUserByEmail,dbo,PortalUser,USER_TABLE,False
dbo,usp_getUserByPin,dbo,aspnet_Roles,USER_TABLE,False
dbo,usp_getUserByPin,dbo,aspnet_UsersInRoles,USER_TABLE,False
dbo,usp_getUserByPin,dbo,PortalUser,USER_TABLE,False
dbo,usp_getUserByPin,dbo,Users,USER_TABLE,False
dbo,usp_GetUserDetails,dbo,aspnet_Membership,USER_TABLE,False
dbo,usp_GetUserDetails,dbo,aspnet_Roles,USER_TABLE,False
dbo,usp_GetUserDetails,dbo,aspnet_Users,USER_TABLE,False
dbo,usp_GetUserDetails,dbo,aspnet_UsersInRoles,USER_TABLE,False
dbo,usp_GetUserDetails,dbo,PortalUser,USER_TABLE,False
dbo,usp_GetUserProfile,dbo,aspnet_Roles,USER_TABLE,False
dbo,usp_GetUserProfile,dbo,aspnet_UsersInRoles,USER_TABLE,False
dbo,usp_GetUserProfile,dbo,PortalUser,USER_TABLE,False
dbo,usp_GetUserProfile,dbo,UserDetails,USER_TABLE,False
dbo,USP_GetVenderReportByDate,dbo,RO_GoodsReceivedDetls,USER_TABLE,False
dbo,USP_GetVenderReportByDate,dbo,RO_LoyaltyMembership,USER_TABLE,False
dbo,USP_GetVenderReportByDate,dbo,ROI_ItemDetails,USER_TABLE,False
dbo,USP_GetVenderReportByDate,dbo,ROI_ITEMMain,USER_TABLE,False
dbo,USP_GetVenderReportByDate,dbo,ROI_PurchaseDetails,USER_TABLE,False
dbo,USP_GetVenderReportByDate,dbo,ROI_PurchaseMain,USER_TABLE,False
dbo,USP_GetVenderReportByDate,dbo,ROI_Unit1,USER_TABLE,False
dbo,usp_GetVisitedPage_Report,dbo,SessionTracker,USER_TABLE,False
dbo,USP_GetWaiter,dbo,RO_Sales_View,USER_TABLE,False
dbo,usp_GetWaiterLog,dbo,UserDetails,USER_TABLE,False
dbo,usp_GetWaiterLog,dbo,Users,USER_TABLE,False
dbo,usp_GetWaiterLog,dbo,WaiterNotificationLog,USER_TABLE,False
dbo,USP_GoodReceivedDetails,dbo,RO_GoodsReceivedDetls,USER_TABLE,False
dbo,USP_GoodReceivedDetails,dbo,ROI_ITEMMain,USER_TABLE,False
dbo,USP_GoodReceivedDetails,dbo,ROI_PurchaseDetails,USER_TABLE,False
dbo,USP_GoodReceivedDetails,dbo,ROI_PurchaseMain,USER_TABLE,False
dbo,USP_GoodReceivedDetails,dbo,ROI_Unit1,USER_TABLE,False
dbo,usp_H_DeleteLostAndFound,dbo,H_LostAndFound,USER_TABLE,False
dbo,usp_H_DeleteMainHouseKeepingDetails,dbo,H_HouseKeeping,USER_TABLE,False
dbo,usp_H_DeleteOutOfOrder,dbo,RO_OutOfOrder,USER_TABLE,False
dbo,USP_H_GetLostAndFound,dbo,H_LostAndFound,USER_TABLE,False
dbo,usp_H_GetMainHouseKeepingInfo,dbo,H_HouseKeeping,USER_TABLE,False
dbo,usp_H_GetMainHouseKeepingInfo,dbo,RO_RestroRoom,USER_TABLE,False
dbo,usp_H_GetMainHouseKeepingInfo,dbo,RO_restroTable,USER_TABLE,False
dbo,usp_H_getOOReport,dbo,RO_OutOfOrder,USER_TABLE,False
dbo,usp_H_getOOReport,dbo,RO_RestroRoom,USER_TABLE,False
dbo,usp_H_getOOReport,dbo,RO_restroTable,USER_TABLE,False
dbo,USP_H_GetOutOfOrder,dbo,RO_OutOfOrder,USER_TABLE,False
dbo,USP_H_GetOutOfOrder,dbo,RO_restroTable,USER_TABLE,False
dbo,usp_H_GetRoomName,dbo,RO_RestroRoom,USER_TABLE,False
dbo,usp_H_GetRoomNameByID,dbo,RO_RestroRoom,USER_TABLE,False
dbo,usp_H_GetRoomNameByID,dbo,RO_restroTable,USER_TABLE,False
dbo,usp_H_GetRooms,dbo,RO_restroTable,USER_TABLE,False
dbo,usp_H_GetRoomsByRoomID,dbo,RO_RestroRoom,USER_TABLE,False
dbo,usp_H_GetRoomsByRoomID,dbo,RO_restroTable,USER_TABLE,False
dbo,usp_H_GetStatus,dbo,H_HouseKeepingStatus,USER_TABLE,False
dbo,USP_H_LostNFoundReport,dbo,H_LostAndFound,USER_TABLE,False
dbo,usp_H_roomListByID,dbo,RO_OutOfOrder,USER_TABLE,False
dbo,usp_H_roomListByID,dbo,RO_restroTable,USER_TABLE,False
dbo,usp_H_SaveLostAndFound,dbo,H_LostAndFound,USER_TABLE,False
dbo,usp_H_SaveMainHouseKeeping,dbo,H_HouseKeeping,USER_TABLE,False
dbo,usp_H_SaveOutOfOrder,dbo,RO_OutOfOrder,USER_TABLE,False
dbo,USP_InactiveCombo,dbo,RO_Combo,USER_TABLE,False
dbo,USP_INSERT_CUSORDER,dbo,tbl_CusOrder,USER_TABLE,False
dbo,USP_InsertCashDenomination,dbo,CashDenomination,USER_TABLE,False
dbo,USP_InsertCustomerBillLog,dbo,RO_CustomerBillLog,USER_TABLE,False
dbo,USP_InsertCustomerBillLog,dbo,RO_PointScheme,USER_TABLE,False
dbo,USP_InsertCustomerBillLog,dbo,RO_SalesMaster,USER_TABLE,False
dbo,usp_IsDashboardAccesible,dbo,aspnet_UsersInRoles,USER_TABLE,False
dbo,usp_IsDashboardAccesible,dbo,PagePermission,USER_TABLE,False
dbo,usp_IsDashboardAccesible,dbo,PortalUser,USER_TABLE,False
dbo,usp_IsSuspendedIP,dbo,SuspendedIP,USER_TABLE,False
dbo,USP_ItemOrderedReport,dbo,CostCenterInfo,USER_TABLE,False
dbo,USP_ItemOrderedReport,dbo,RO_Order_Detail,USER_TABLE,False
dbo,USP_ItemOrderedReport,dbo,ROI_ITEMMain,USER_TABLE,False
dbo,usp_ItemWithUnitList,dbo,Roi_ItemWithUnit,USER_TABLE,False
dbo,usp_L_Cloth_DeleteClothByID,dbo,L_Cloth,USER_TABLE,False
dbo,usp_L_Cloth_GetClothByID,dbo,L_Cloth,USER_TABLE,False
dbo,usp_L_Cloth_LoadCloth,dbo,L_Cloth,USER_TABLE,False
dbo,usp_L_Cloth_SaveCloth,dbo,L_Cloth,USER_TABLE,False
dbo,usp_L_Cloth_UpdateCloth,dbo,L_Cloth,USER_TABLE,False
dbo,usp_L_Condition_DeleteConditionByID,dbo,L_Condition,USER_TABLE,False
dbo,usp_L_Condition_GetConditionByID,dbo,L_Condition,USER_TABLE,False
dbo,usp_L_Condition_LoadCondition,dbo,L_Condition,USER_TABLE,False
dbo,usp_L_Condition_SaveCondition,dbo,L_Condition,USER_TABLE,False
dbo,usp_L_Condition_UpdateCondition,dbo,L_Condition,USER_TABLE,False
dbo,usp_L_getRatebyId,dbo,L_LaundryRate,USER_TABLE,False
dbo,usp_L_LaundryDetails_LDUpdateDelivered,dbo,L_LaundryDetails,USER_TABLE,False
dbo,usp_L_LaundryDetails_LDUpdateDelivered,dbo,L_LaundryMaster,USER_TABLE,False
dbo,usp_L_LaundryDetails_SaveLaundryDetails,dbo,L_LaundryDetails,USER_TABLE,False
dbo,usp_L_LaundryMaster_DeleteLaundry,dbo,L_LaundryDetails,USER_TABLE,False
dbo,usp_L_LaundryMaster_DeleteLaundry,dbo,L_LaundryMaster,USER_TABLE,False
dbo,usp_L_LaundryMaster_getLaundryByID,dbo,L_Cloth,USER_TABLE,False
dbo,usp_L_LaundryMaster_getLaundryByID,dbo,L_LaundryDetails,USER_TABLE,False
dbo,usp_L_LaundryMaster_getLaundryByID,dbo,L_LaundryType,USER_TABLE,False
dbo,usp_L_LaundryMaster_getLaundryByID,dbo,L_MaterialType,USER_TABLE,False
dbo,usp_L_LaundryMaster_LoadLaundry,dbo,aspnet_Users,USER_TABLE,False
dbo,usp_L_LaundryMaster_LoadLaundry,dbo,L_LaundryMaster,USER_TABLE,False
dbo,usp_L_LaundryMaster_LoadLaundry,dbo,RO_LoyaltyMembership,USER_TABLE,False
dbo,usp_L_LaundryMaster_LoadLaundry,dbo,RO_RestroRoom,USER_TABLE,False
dbo,usp_L_LaundryMaster_LoadLaundry,dbo,RO_restroTable,USER_TABLE,False
dbo,usp_L_LaundryMaster_LoadRoom,dbo,RO_restroTable,USER_TABLE,False
dbo,usp_L_LaundryMaster_SaveLaundry,dbo,L_LaundryMaster,USER_TABLE,False
dbo,usp_L_LaundryMaster_updateDelivered,dbo,L_LaundryDetails,USER_TABLE,False
dbo,usp_L_LaundryMaster_updateDelivered,dbo,L_LaundryMaster,USER_TABLE,False
dbo,usp_L_LaundryMaster_ViewAddedLaundry,dbo,L_LaundryMaster,USER_TABLE,False
dbo,usp_L_LaundryRate_DeleteLaundryRate,dbo,L_LaundryRate,USER_TABLE,False
dbo,usp_L_LaundryRate_GetLaundryRateByID,dbo,L_Cloth,USER_TABLE,False
dbo,usp_L_LaundryRate_GetLaundryRateByID,dbo,L_LaundryRate,USER_TABLE,False
dbo,usp_L_LaundryRate_GetLaundryRateByID,dbo,L_LaundryType,USER_TABLE,False
dbo,usp_L_LaundryRate_LoadClothList,dbo,L_Cloth,USER_TABLE,False
dbo,usp_L_LaundryRate_LoadLaundryRateList,dbo,L_Cloth,USER_TABLE,False
dbo,usp_L_LaundryRate_LoadLaundryRateList,dbo,L_LaundryRate,USER_TABLE,False
dbo,usp_L_LaundryRate_LoadLaundryRateList,dbo,L_LaundryType,USER_TABLE,False
dbo,usp_L_LaundryRate_LoadLaundryTypeList,dbo,L_LaundryType,USER_TABLE,False
dbo,usp_L_LaundryRate_SaveLaundryRate,dbo,L_LaundryRate,USER_TABLE,False
dbo,usp_L_LaundryRate_UpdateLaundryRateByID,dbo,L_LaundryRate,USER_TABLE,False
dbo,usp_L_LaundryType_DeleteLaundryTypeByID,dbo,L_LaundryType,USER_TABLE,False
dbo,usp_L_LaundryType_GetLaundryTypeByID,dbo,L_LaundryType,USER_TABLE,False
dbo,usp_L_LaundryType_LoadLaundryType,dbo,L_LaundryRate,USER_TABLE,False
dbo,usp_L_LaundryType_LoadLaundryType,dbo,L_LaundryType,USER_TABLE,False
dbo,usp_L_LaundryType_SaveLaundryType,dbo,L_LaundryType,USER_TABLE,False
dbo,usp_L_LaundryType_UpdateLaundryType,dbo,L_LaundryType,USER_TABLE,False
dbo,usp_L_MaterialType_DeleteMaterialTypeByID,dbo,L_MaterialType,USER_TABLE,False
dbo,usp_L_MaterialType_GetMaterialTypeByID,dbo,L_MaterialType,USER_TABLE,False
dbo,usp_L_MaterialType_LoadMaterialType,dbo,L_MaterialType,USER_TABLE,False
dbo,usp_L_MaterialType_SaveMaterialType,dbo,L_MaterialType,USER_TABLE,False
dbo,usp_L_MaterialType_UpdateMaterialType,dbo,L_MaterialType,USER_TABLE,False
dbo,usp_L_SaveLaundryDetails,dbo,L_LaundryDetails,USER_TABLE,False
dbo,usp_L_SaveLaundryMaster,dbo,L_LaundryMaster,USER_TABLE,False
dbo,usp_LargeUnitBySmallUnit,dbo,ROI_Unit1,USER_TABLE,False
dbo,usp_LargeUnitBySmallUnit,dbo,ROI_Unit2,USER_TABLE,False
dbo,usp_ListEntryAdd,dbo,Lists,USER_TABLE,False
dbo,usp_loc_AddLanguageSwitchSettings,dbo,LanguageSettingValue,USER_TABLE,False
dbo,usp_loc_CoreModulesGet,dbo,CoreModules,USER_TABLE,False
dbo,usp_loc_CoreModulesGet,dbo,Modules,USER_TABLE,False
dbo,usp_loc_EnableLanguage,dbo,PortalLanguages,USER_TABLE,False
dbo,usp_loc_GetLanguageSwitchSettings,dbo,LanguageSettingKey,USER_TABLE,False
dbo,usp_loc_GetLanguageSwitchSettings,dbo,LanguageSettingValue,USER_TABLE,False
dbo,usp_loc_PortalLanguagesGet,dbo,Languages,USER_TABLE,False
dbo,usp_loc_PortalLanguagesGet,dbo,PortalLanguages,USER_TABLE,False
dbo,usp_Logo_AddUpdate,dbo,Logo,USER_TABLE,False
dbo,usp_Logo_GetData,dbo,Logo,USER_TABLE,False
dbo,usp_MasterPageGetPageModules,dbo,aspnet_Roles,USER_TABLE,False
dbo,usp_MasterPageGetPageModules,dbo,aspnet_Users,USER_TABLE,False
dbo,usp_MasterPageGetPageModules,dbo,aspnet_UsersInRoles,USER_TABLE,False
dbo,usp_MasterPageGetPageModules,dbo,ModuleControls,USER_TABLE,False
dbo,usp_MasterPageGetPageModules,dbo,PageModules,USER_TABLE,False
dbo,usp_MasterPageGetPageModules,dbo,PagePermission,USER_TABLE,False
dbo,usp_MasterPageGetPageModules,dbo,PagePreview,USER_TABLE,False
dbo,usp_MasterPageGetPageModules,dbo,Pages,USER_TABLE,False
dbo,usp_MasterPageGetPageModules,dbo,UDFsplit,SQL_TABLE_VALUED_FUNCTION,False
dbo,usp_MasterPageGetPageModules,dbo,UserModulePermission,USER_TABLE,False
dbo,usp_MasterPageGetPageModules,dbo,UserModules,USER_TABLE,False
dbo,usp_MasterPageGetPageModules_Anonymous,dbo,aspnet_UsersInRoles,USER_TABLE,False
dbo,usp_MasterPageGetPageModules_Anonymous,dbo,LocalModuleTitle,USER_TABLE,False
dbo,usp_MasterPageGetPageModules_Anonymous,dbo,PagePermission,USER_TABLE,False
dbo,usp_MasterPageGetPageModules_Anonymous,dbo,Pages,USER_TABLE,False
dbo,usp_MasterPageGetPageModules_Anonymous,dbo,UDFsplit,SQL_TABLE_VALUED_FUNCTION,False
dbo,usp_MasterPageGetPageModules_Anonymous,dbo,vw_PageUserModules,VIEW,False
dbo,usp_MasterPageGetPageModules_backup,dbo,aspnet_Roles,USER_TABLE,False
dbo,usp_MasterPageGetPageModules_backup,dbo,aspnet_Users,USER_TABLE,False
dbo,usp_MasterPageGetPageModules_backup,dbo,aspnet_UsersInRoles,USER_TABLE,False
dbo,usp_MasterPageGetPageModules_backup,dbo,ModuleDefPermission,USER_TABLE,False
dbo,usp_MasterPageGetPageModules_backup,dbo,PagePermission,USER_TABLE,False
dbo,usp_MasterPageGetPageModules_backup,dbo,PagePreview,USER_TABLE,False
dbo,usp_MasterPageGetPageModules_backup,dbo,Pages,USER_TABLE,False
dbo,usp_MasterPageGetPageModules_backup,dbo,UDFsplit,SQL_TABLE_VALUED_FUNCTION,False
dbo,usp_MasterPageGetPageModules_backup,dbo,UserModulePermission,USER_TABLE,False
dbo,usp_MasterPageGetPageModules_backup,dbo,vw_PageUserModules,VIEW,False
dbo,usp_MasterPageGetPageModules_Superuser,dbo,LocalModuleTitle,USER_TABLE,False
dbo,usp_MasterPageGetPageModules_Superuser,dbo,PagePreview,USER_TABLE,False
dbo,usp_MasterPageGetPageModules_Superuser,dbo,Pages,USER_TABLE,False
dbo,usp_MasterPageGetPageModules_Superuser,dbo,UDFsplit,SQL_TABLE_VALUED_FUNCTION,False
dbo,usp_MasterPageGetPageModules_Superuser,dbo,vw_PageUserModules,VIEW,False
dbo,usp_MasterPageGetPageModulesAdmin,dbo,aspnet_Roles,USER_TABLE,False
dbo,usp_MasterPageGetPageModulesAdmin,dbo,aspnet_Users,USER_TABLE,False
dbo,usp_MasterPageGetPageModulesAdmin,dbo,aspnet_UsersInRoles,USER_TABLE,False
dbo,usp_MasterPageGetPageModulesAdmin,dbo,ModuleDefPermission,USER_TABLE,False
dbo,usp_MasterPageGetPageModulesAdmin,dbo,PagePermission,USER_TABLE,False
dbo,usp_MasterPageGetPageModulesAdmin,dbo,PagePreview,USER_TABLE,False
dbo,usp_MasterPageGetPageModulesAdmin,dbo,Pages,USER_TABLE,False
dbo,usp_MasterPageGetPageModulesAdmin,dbo,Split,SQL_TABLE_VALUED_FUNCTION,False
dbo,usp_MasterPageGetPageModulesAdmin,dbo,UserModulePermission,USER_TABLE,False
dbo,usp_MasterPageGetPageModulesAdmin,dbo,vw_PageUserModules,VIEW,False
dbo,usp_MaterializedReportView,dbo,CBMS_BillPostLog,USER_TABLE,False
dbo,usp_MaterializedReportView,dbo,PrintDetail,USER_TABLE,False
dbo,usp_MaterializedReportView,dbo,RO_BillingAmount,USER_TABLE,False
dbo,usp_MaterializedReportView,dbo,RO_CompanyInfo,USER_TABLE,False
dbo,usp_MaterializedReportView,dbo,RO_fiscalYear,USER_TABLE,False
dbo,usp_MaterializedReportView,dbo,RO_SalesMaster,USER_TABLE,False
dbo,usp_MaterializedReportView,dbo,ufn_sales_getpaymentdata,SQL_TABLE_VALUED_FUNCTION,False
dbo,USP_MemberAgingReport,dbo,RO_GoodsReceivedMain,USER_TABLE,False
dbo,USP_MemberAgingReport,dbo,RO_MemberPaymentMode,USER_TABLE,False
dbo,USP_MemberAgingReport,dbo,RO_PurchasePaymentMode,USER_TABLE,False
dbo,usp_MenuLocalizeGetModuleTitle,dbo,LocalModuleTitle,USER_TABLE,False
dbo,usp_MenuLocalizeGetModuleTitle,dbo,UserModules,USER_TABLE,False
dbo,usp_MenuLocalizeGetPages,dbo,LocalPage,USER_TABLE,False
dbo,usp_MenuLocalizeGetPages,dbo,Menu,USER_TABLE,False
dbo,usp_MenuLocalizeGetPages,dbo,MenuItem,USER_TABLE,False
dbo,usp_MenuLocalizeGetPages,dbo,Pages,USER_TABLE,False
dbo,usp_MenuManagerGetMenu,dbo,Menu,USER_TABLE,False
dbo,usp_MenuManagerGetSageMenu,dbo,Menu,USER_TABLE,False
dbo,usp_MenuManagerGetSageMenu,dbo,SageMenuSettingValue,USER_TABLE,False
dbo,usp_MenuMgrAddExternalLink,dbo,Menu,USER_TABLE,False
dbo,usp_MenuMgrAddExternalLink,dbo,MenuItem,USER_TABLE,False
dbo,usp_MenuMgrAddHtmlContent,dbo,Menu,USER_TABLE,False
dbo,usp_MenuMgrAddHtmlContent,dbo,MenuItem,USER_TABLE,False
dbo,usp_MenuMgrAddMenuItem,dbo,Menu,USER_TABLE,False
dbo,usp_MenuMgrAddMenuItem,dbo,MenuItem,USER_TABLE,False
dbo,usp_MenuMgrAddMenuPermission,dbo,MenuPermission,USER_TABLE,False
dbo,usp_MenuMgrAddNewMenu,dbo,Menu,USER_TABLE,False
dbo,usp_MenuMgrAddSubText,dbo,MenuItem,USER_TABLE,False
dbo,usp_MenuMgrAddUpdateMenuPermission,dbo,MenuPermission,USER_TABLE,False
dbo,usp_MenuMgrAddUpdSetting,dbo,MenuMgrSettingValue,USER_TABLE,False
dbo,usp_MenuMgrDeleteLink,dbo,MenuItem,USER_TABLE,False
dbo,usp_MenuMgrDeleteMenu,dbo,Menu,USER_TABLE,False
dbo,usp_MenuMgrDeleteMenu,dbo,MenuItem,USER_TABLE,False
dbo,usp_MenuMgrDeleteMenu,dbo,MenuMgrSettingValue,USER_TABLE,False
dbo,usp_MenuMgrDeleteMenu,dbo,MenuPermission,USER_TABLE,False
dbo,usp_MenuMgrDeleteMenu,dbo,SageMenuSettingValue,USER_TABLE,False
dbo,usp_MenuMgrGetMenuItem,dbo,MenuItem,USER_TABLE,False
dbo,usp_MenuMgrGetMenuItem,dbo,Pages,USER_TABLE,False
dbo,usp_MenuMgrGetMenuItemDetails,dbo,MenuItem,USER_TABLE,False
dbo,usp_MenuMgrGetPermission,dbo,MenuPermission,USER_TABLE,False
dbo,usp_MenuMgrGetSetting,dbo,MenuMgrSettingKey,USER_TABLE,False
dbo,usp_MenuMgrGetSetting,dbo,MenuMgrSettingValue,USER_TABLE,False
dbo,usp_MenuMgrLoadMenu,dbo,Menu,USER_TABLE,False
dbo,usp_MenuMgrLoadMenu,dbo,MenuItem,USER_TABLE,False
dbo,usp_MenuMgrLoadMenu,dbo,SageMenuSettingValue,USER_TABLE,False
dbo,usp_MenuMgrLoadSageMenuItems,dbo,aspnet_Roles,USER_TABLE,False
dbo,usp_MenuMgrLoadSageMenuItems,dbo,aspnet_Users,USER_TABLE,False
dbo,usp_MenuMgrLoadSageMenuItems,dbo,aspnet_UsersInRoles,USER_TABLE,False
dbo,usp_MenuMgrLoadSageMenuItems,dbo,Menu,USER_TABLE,False
dbo,usp_MenuMgrLoadSageMenuItems,dbo,MenuItem,USER_TABLE,False
dbo,usp_MenuMgrLoadSageMenuItems,dbo,PageMenu,USER_TABLE,False
dbo,usp_MenuMgrLoadSageMenuItems,dbo,PagePermission,USER_TABLE,False
dbo,usp_MenuMgrLoadSageMenuItems,dbo,Pages,USER_TABLE,False
dbo,usp_MenuMgrLoadSageMenuItems,dbo,SageMenuSettingValue,USER_TABLE,False
dbo,usp_MenuMgrLoadSageMenuItems_Localized,dbo,aspnet_Roles,USER_TABLE,False
dbo,usp_MenuMgrLoadSageMenuItems_Localized,dbo,aspnet_Users,USER_TABLE,False
dbo,usp_MenuMgrLoadSageMenuItems_Localized,dbo,aspnet_UsersInRoles,USER_TABLE,False
dbo,usp_MenuMgrLoadSageMenuItems_Localized,dbo,LocalPage,USER_TABLE,False
dbo,usp_MenuMgrLoadSageMenuItems_Localized,dbo,Menu,USER_TABLE,False
dbo,usp_MenuMgrLoadSageMenuItems_Localized,dbo,MenuItem,USER_TABLE,False
dbo,usp_MenuMgrLoadSageMenuItems_Localized,dbo,PagePermission,USER_TABLE,False
dbo,usp_MenuMgrLoadSageMenuItems_Localized,dbo,Pages,USER_TABLE,False
dbo,usp_MenuMgrLoadSageMenuItems_Localized,dbo,SageMenuSettingValue,USER_TABLE,False
dbo,usp_MenuMgrMenuPermissionDelete,dbo,MenuPermission,USER_TABLE,False
dbo,usp_MenuMgrSelectIsDefault,dbo,Menu,USER_TABLE,False
dbo,usp_MenuMgrSortMenu,dbo,MenuItem,USER_TABLE,False
dbo,usp_MenuMgrSortMenuItems,dbo,MenuItem,USER_TABLE,False
dbo,usp_MenuMgrUpdateMenu,dbo,Menu,USER_TABLE,False
dbo,usp_MessageTemplateTokenAdd,dbo,MessageTemplateTypeToken,USER_TABLE,False
dbo,usp_MessageTemplateTokenAdd,dbo,MessageToken,USER_TABLE,False
dbo,usp_ModuleControlGetControlTypeFromModuleID,dbo,ModuleControls,USER_TABLE,False
dbo,usp_ModuleControlGetModuleIdFromUserModuleId,dbo,UserModules,USER_TABLE,False
dbo,usp_ModuleControlGetModuleNameFromUserModuleId,dbo,UserModules,USER_TABLE,False
dbo,usp_ModuleGetAllExisting,dbo,Modules,USER_TABLE,False
dbo,usp_ModuleGetAllExisting,dbo,PortalModules,USER_TABLE,False
dbo,usp_ModuleGetAllExisting,dbo,SystemConstrains,USER_TABLE,False
dbo,usp_ModuleManagerGetAdminModules,dbo,ModuleDefinitions,USER_TABLE,False
dbo,usp_ModuleManagerGetAdminModules,dbo,Modules,USER_TABLE,False
dbo,usp_ModuleManagerGetAdminModules,dbo,PortalModules,USER_TABLE,False
dbo,usp_ModuleManagerGetPageModules,dbo,ModuleControls,USER_TABLE,False
dbo,usp_ModuleManagerGetPageModules,dbo,PageMenu,USER_TABLE,False
dbo,usp_ModuleManagerGetPageModules,dbo,PageModules,USER_TABLE,False
dbo,usp_ModuleManagerGetPageModules,dbo,Pages,USER_TABLE,False
dbo,usp_ModuleManagerGetPageModules,dbo,Split,SQL_TABLE_VALUED_FUNCTION,False
dbo,usp_ModuleManagerGetPageModules,dbo,UserModules,USER_TABLE,False
dbo,usp_ModuleManagerGetPortalModules,dbo,ModuleDefinitions,USER_TABLE,False
dbo,usp_ModuleManagerGetPortalModules,dbo,Modules,USER_TABLE,False
dbo,usp_ModuleManagerGetPortalModules,dbo,PortalModules,USER_TABLE,False
dbo,usp_ModuleManagerGetSearchModules,dbo,ModuleDefinitions,USER_TABLE,False
dbo,usp_ModuleManagerGetSearchModules,dbo,Modules,USER_TABLE,False
dbo,usp_ModuleManagerGetSearchModules,dbo,PortalModules,USER_TABLE,False
dbo,usp_ModuleMessageAdd,dbo,ModuleMessage,USER_TABLE,False
dbo,usp_ModuleMessageGet,dbo,ModuleMessage,USER_TABLE,False
dbo,usp_ModuleMessageGetByUserModuleID,dbo,ModuleDefinitions,USER_TABLE,False
dbo,usp_ModuleMessageGetByUserModuleID,dbo,ModuleMessage,USER_TABLE,False
dbo,usp_ModuleMessageGetByUserModuleID,dbo,UserModules,USER_TABLE,False
dbo,usp_ModuleMessageGetModules,dbo,Modules,USER_TABLE,False
dbo,usp_ModuleMessageUpdateStatus,dbo,ModuleDefinitions,USER_TABLE,False
dbo,usp_ModuleMessageUpdateStatus,dbo,ModuleMessage,USER_TABLE,False
dbo,usp_ModuleMessageUpdateStatus,dbo,UserModules,USER_TABLE,False
dbo,usp_ModuleMgrSortModules,dbo,ModuleDefinitions,USER_TABLE,False
dbo,usp_ModuleMgrSortModules,dbo,Modules,USER_TABLE,False
dbo,usp_ModuleMgrSortModules,dbo,PortalModules,USER_TABLE,False
dbo,usp_ModuleWebInfoDelete,dbo,ModuleWebInfo,USER_TABLE,False
dbo,usp_ModuleWebInfoGetAll,dbo,ModuleWebInfo,USER_TABLE,False
dbo,usp_MsgTempTokenUniquenessCheck,dbo,MessageTemplateTypeToken,USER_TABLE,False
dbo,usp_MsgTempTokenUniquenessCheck,dbo,MessageToken,USER_TABLE,False
dbo,usp_MsgTempTypeUniquenessCheck,dbo,MessageTemplateType,USER_TABLE,False
dbo,usp_NewsRssContentGet,dbo,NewsRssContent,USER_TABLE,False
dbo,usp_NewsRssContentUpdate,dbo,NewsRssContent,USER_TABLE,False
dbo,usp_NL_GetDataByEmail,dbo,NL_EmailSubscriber,USER_TABLE,False
dbo,usp_NL_GetMessageInfoByID,dbo,MessageTemplate,USER_TABLE,False
dbo,usp_NL_GetMessageTemplateByTypeID,dbo,MessageTemplate,USER_TABLE,False
dbo,usp_NL_GetMessageTemplateList,dbo,MessageTemplate,USER_TABLE,False
dbo,usp_NL_GetNLSettingForUnSubscribe,dbo,NL_SettingKey,USER_TABLE,False
dbo,usp_NL_GetNLSettingForUnSubscribe,dbo,NL_SettingValue,USER_TABLE,False
dbo,usp_NL_GetSubscriberEmailList,dbo,NL_EmailSubscriber,USER_TABLE,False
dbo,usp_NL_GetSubscriberList,dbo,NL_EmailSubscriber,USER_TABLE,False
dbo,usp_NL_SaveEmailSubscriber,dbo,NL_EmailSubscriber,USER_TABLE,False
dbo,usp_NL_SaveMobileSubscriber,dbo,NL_MobileSubsciber,USER_TABLE,False
dbo,usp_NL_SaveNLSetting,dbo,NL_SettingValue,USER_TABLE,False
dbo,usp_NL_SaveNLSetting,dbo,Split,SQL_TABLE_VALUED_FUNCTION,False
dbo,usp_NL_UnSubscribeByEmailLink,dbo,NL_EmailSubscriber,USER_TABLE,False
dbo,usp_NL_UnSubscribeUserByEmail,dbo,NL_EmailSubscriber,USER_TABLE,False
dbo,usp_NL_UnSubscribeUserByPhone,dbo,NL_MobileSubsciber,USER_TABLE,False
dbo,usp_NLGetSetting,dbo,NL_SettingKey,USER_TABLE,False
dbo,usp_NLGetSetting,dbo,NL_SettingValue,USER_TABLE,False
dbo,usp_Note_Insert,dbo,tbl_ROVaultNote,USER_TABLE,False
dbo,usp_Note_List,dbo,tbl_ROVaultNote,USER_TABLE,False
dbo,usp_OnlineUserCountGet,dbo,SessionTracker,USER_TABLE,False
dbo,usp_PageGettingBySEOName,dbo,Pages,USER_TABLE,False
dbo,usp_PageManagerAddPageToMenu,dbo,Menu,USER_TABLE,False
dbo,usp_PageManagerAddPageToMenu,dbo,MenuItem,USER_TABLE,False
dbo,usp_PageManagerAddPageToMenu,dbo,Pages,USER_TABLE,False
dbo,usp_PageManagerAddPageToMenu,dbo,Split,SQL_TABLE_VALUED_FUNCTION,False
dbo,usp_PageManagerMenuPageUpdate,dbo,MenuItem,USER_TABLE,False
dbo,usp_PageManagerMenuPageUpdate,dbo,Split,SQL_TABLE_VALUED_FUNCTION,False
dbo,usp_PageMenuAdd,dbo,PageMenu,USER_TABLE,False
dbo,usp_PageMenuDelete,dbo,PageMenu,USER_TABLE,False
dbo,usp_PageMenuDelete,dbo,PageMenu_History,USER_TABLE,False
dbo,usp_PageMenuUpdate,dbo,PageMenu,USER_TABLE,False
dbo,usp_PageMgr_UpdSettingKeyValue,dbo,SettingValue,USER_TABLE,False
dbo,usp_PageModule_Update,dbo,PageModules,USER_TABLE,False
dbo,usp_PageModulesAdd,dbo,PageModules,USER_TABLE,False
dbo,usp_PagePortalGetByCustomPrefix,dbo,Pages,USER_TABLE,False
dbo,usp_PagePublish,dbo,Pages,USER_TABLE,False
dbo,usp_PagesGetPossibleParents,dbo,aspnet_Users,USER_TABLE,False
dbo,usp_PagesGetPossibleParents,dbo,aspnet_UsersInRoles,USER_TABLE,False
dbo,usp_PagesGetPossibleParents,dbo,fn_LevelPrefix,SQL_SCALAR_FUNCTION,True
dbo,usp_PagesGetPossibleParents,dbo,PagePermission,USER_TABLE,False
dbo,usp_PagesGetPossibleParents,dbo,Pages,USER_TABLE,False
dbo,usp_PasswordRecoveryDeactivateCode,dbo,Codes,USER_TABLE,False
dbo,usp_PaymentGatewaySetting_GetSettingValue,dbo,PaymentGateWaySetting,USER_TABLE,False
dbo,usp_PaymentGatewaySetting_Save,dbo,PaymentGateWaySetting,USER_TABLE,False
dbo,USP_PO_DELETEAGENT,dbo,RO_Agent,USER_TABLE,False
dbo,USP_PO_DELETEMEMBERSHIP,dbo,RO_LoyaltyMembership,USER_TABLE,False
dbo,USP_PO_GoodsRecieve,dbo,RO_GoodsReceivedDetls,USER_TABLE,False
dbo,USP_PO_GoodsRecieve,dbo,RO_GoodsReceivedMain,USER_TABLE,False
dbo,USP_PO_GoodsRecieve,dbo,RO_LoyaltyMembership,USER_TABLE,False
dbo,USP_PO_GoodsRecieve,dbo,RO_PaymentModes,USER_TABLE,False
dbo,USP_PO_GoodsRecieve,dbo,RO_PurchasePaymentMode,USER_TABLE,False
dbo,USP_PO_GoodsRecieve,dbo,ROI_ITEMMain,USER_TABLE,False
dbo,USP_PO_GoodsRecieve,dbo,ROI_PurchaseDetails,USER_TABLE,False
dbo,USP_PO_GoodsRecieve,dbo,ROI_PurchaseMain,USER_TABLE,False
dbo,USP_PO_GoodsRecieve,dbo,ROI_Unit1,USER_TABLE,False
dbo,USP_PO_GoodsRecieveFromPurchaseID,dbo,RO_GoodsReceivedDetls,USER_TABLE,False
dbo,USP_PO_GoodsRecieveFromPurchaseID,dbo,RO_GoodsReceivedMain,USER_TABLE,False
dbo,USP_PO_GoodsRecieveFromPurchaseID,dbo,RO_LoyaltyMembership,USER_TABLE,False
dbo,USP_PO_GoodsRecieveFromPurchaseID,dbo,RO_PaymentModes,USER_TABLE,False
dbo,USP_PO_GoodsRecieveFromPurchaseID,dbo,RO_PurchasePaymentMode,USER_TABLE,False
dbo,USP_PO_GoodsRecieveFromPurchaseID,dbo,ROI_ITEMMain,USER_TABLE,False
dbo,USP_PO_GoodsRecieveFromPurchaseID,dbo,ROI_PurchaseDetails,USER_TABLE,False
dbo,USP_PO_GoodsRecieveFromPurchaseID,dbo,ROI_PurchaseMain,USER_TABLE,False
dbo,USP_PO_GoodsRecieveFromPurchaseID,dbo,ROI_Unit1,USER_TABLE,False
dbo,USP_PO_PurchaseReport,dbo,RO_LoyaltyMembership,USER_TABLE,False
dbo,USP_PO_PurchaseReport,dbo,ROI_ITEMMain,USER_TABLE,False
dbo,USP_PO_PurchaseReport,dbo,ROI_PurchaseDetails,USER_TABLE,False
dbo,USP_PO_PurchaseReport,dbo,ROI_PurchaseMain,USER_TABLE,False
dbo,USP_PO_PurchaseReport,dbo,ROI_Unit1,USER_TABLE,False
dbo,USP_PO_SAVEISSUEMAIN,dbo,ROI_IssueMain,USER_TABLE,False
dbo,USP_PO_SAVEISSUEMAIN,dbo,Split,SQL_TABLE_VALUED_FUNCTION,False
dbo,USP_PO_SAVEPURCHASEMASTER,dbo,RO_MergeTable,USER_TABLE,False
dbo,USP_PO_SAVEPURCHASEMASTER,dbo,RO_OrderMasters,USER_TABLE,False
dbo,USP_PO_SAVEPURCHASEMASTER,dbo,RO_restroTable,USER_TABLE,False
dbo,USP_PO_SAVIssueDETAILS,dbo,ROI_IssueDetails,USER_TABLE,False
dbo,USP_PO_SAVIssueDETAILS,dbo,ROI_IssueStockTransaction,USER_TABLE,False
dbo,USP_PO_SAVIssueDETAILS,dbo,ROI_ItemDetails,USER_TABLE,False
dbo,USP_PO_SAVIssueDETAILS,dbo,ROI_StockTransactionMaster,USER_TABLE,False
dbo,USP_PO_SAVIssueDETAILS,dbo,ROI_Unit2,USER_TABLE,False
dbo,usp_PollInstalled,dbo,Modules,USER_TABLE,False
dbo,usp_PortalGetParent,dbo,Portal,USER_TABLE,False
dbo,usp_PortalGetParentURL,dbo,Portal,USER_TABLE,False
dbo,usp_PortalIsParent,dbo,Portal,USER_TABLE,False
dbo,usp_PortalRoleAdd,dbo,PortalRole,USER_TABLE,False
dbo,usp_PortalRoleDelete,dbo,aspnet_Membership,USER_TABLE,False
dbo,usp_PortalRoleDelete,dbo,aspnet_Roles,USER_TABLE,False
dbo,usp_PortalRoleDelete,dbo,aspnet_Users,USER_TABLE,False
dbo,usp_PortalRoleDelete,dbo,aspnet_UsersInRoles,USER_TABLE,False
dbo,usp_PortalRoleDelete,dbo,PortalRole,USER_TABLE,False
dbo,usp_PortalRoleDelete,dbo,PortalUser,USER_TABLE,False
dbo,usp_PortalUserListGet,dbo,aspnet_Roles,USER_TABLE,False
dbo,usp_PortalUserListGet,dbo,aspnet_Users,USER_TABLE,False
dbo,usp_PortalUserListGet,dbo,aspnet_UsersInRoles,USER_TABLE,False
dbo,usp_PortalUserListGet,dbo,PortalUser,USER_TABLE,False
dbo,usp_PortalUsersAdd,dbo,PortalUser,USER_TABLE,False
dbo,usp_purchase_delete,dbo,ROI_PurchaseDetails,USER_TABLE,False
dbo,usp_purchase_delete,dbo,ROI_PurchaseLotNo,USER_TABLE,False
dbo,usp_purchase_delete,dbo,ROI_PurchaseMain,USER_TABLE,False
dbo,USP_PurchaseBook,dbo,RO_GoodsReceivedDetls,USER_TABLE,False
dbo,USP_PurchaseBook,dbo,RO_GoodsReceivedMain,USER_TABLE,False
dbo,USP_PurchaseBook,dbo,RO_LoyaltyMembership,USER_TABLE,False
dbo,USP_PurchaseBook,dbo,ROI_PurchaseDetails,USER_TABLE,False
dbo,USP_PurchaseBook,dbo,ROI_PurchaseMain,USER_TABLE,False
dbo,USP_PurchaseBook_bak,dbo,RO_GoodsReceivedDetls,USER_TABLE,False
dbo,USP_PurchaseBook_bak,dbo,RO_GoodsReceivedMain,USER_TABLE,False
dbo,USP_PurchaseBook_bak,dbo,RO_LoyaltyMembership,USER_TABLE,False
dbo,USP_PurchaseBook_bak,dbo,ROI_PurchaseDetails,USER_TABLE,False
dbo,USP_PurchaseBook_bak,dbo,ROI_PurchaseMain,USER_TABLE,False
dbo,USP_Req_DeletePrevRecquistionDetails,dbo,Req_RecquistionDetails,USER_TABLE,False
dbo,USP_Req_DeleteRecquistion,dbo,Req_Recquistion,USER_TABLE,False
dbo,USP_Req_GetRecquistion,dbo,Req_Recquistion,USER_TABLE,False
dbo,USP_Req_GetRecquistion,dbo,RO_ItemStatus,USER_TABLE,False
dbo,USP_Req_GetRecquistion,dbo,ROI_Store,USER_TABLE,False
dbo,USP_Req_GetRecquistionDetails,dbo,Req_IssueLog,USER_TABLE,False
dbo,USP_Req_GetRecquistionDetails,dbo,Req_Recquistion,USER_TABLE,False
dbo,USP_Req_GetRecquistionDetails,dbo,Req_RecquistionDetails,USER_TABLE,False
dbo,USP_Req_GetRecquistionDetails,dbo,RO_ItemStatus,USER_TABLE,False
dbo,USP_Req_GetRecquistionDetails,dbo,RO_LoyaltyMembership,USER_TABLE,False
dbo,USP_Req_GetRecquistionDetails,dbo,RO_VendorPurchase,USER_TABLE,False
dbo,USP_Req_GetRecquistionDetails,dbo,ROI_ITEMMain,USER_TABLE,False
dbo,USP_Req_GetRecquistionDetails,dbo,ROI_Unit1,USER_TABLE,False
dbo,USP_Req_SaveIssueDetailsForRecquistion,dbo,Req_IssueLog,USER_TABLE,False
dbo,USP_Req_SaveIssueDetailsForRecquistion,dbo,Req_Recquistion,USER_TABLE,False
dbo,USP_Req_SaveIssueDetailsForRecquistion,dbo,Req_RecquistionDetails,USER_TABLE,False
dbo,USP_Req_SaveIssueDetailsForRecquistion,dbo,ROI_IssueDetails,USER_TABLE,False
dbo,USP_Req_SaveIssueDetailsForRecquistion,dbo,ROI_ITEMBal,USER_TABLE,False
dbo,USP_Req_SaveIssueDetailsForRecquistion,dbo,ROI_ItemDetails,USER_TABLE,False
dbo,USP_Req_SaveIssueDetailsForRecquistion,dbo,ROI_Unit2,USER_TABLE,False
dbo,USP_Req_SaveIssueForRecquistion,dbo,Req_Recquistion,USER_TABLE,False
dbo,USP_Req_SaveIssueForRecquistion,dbo,ROI_IssueMain,USER_TABLE,False
dbo,USP_Req_SaveIssueForRecquistion,dbo,Split,SQL_TABLE_VALUED_FUNCTION,False
dbo,USP_Req_SaveRecquistion,dbo,Req_Recquistion,USER_TABLE,False
dbo,USP_Req_SaveRecquistionDetails,dbo,Req_RecquistionDetails,USER_TABLE,False
dbo,USP_RO_ACCOUNTGROUPDELETE,dbo,RO_AccountGroup,USER_TABLE,False
dbo,USP_RO_ACCOUNTGROUPSAVE,dbo,RO_AccountGroup,USER_TABLE,False
dbo,USP_RO_ACCOUNTSUBGROUPDELETE,dbo,RO_AccountSubGroup,USER_TABLE,False
dbo,USP_RO_ACCOUNTSUBGROUPSAVE,dbo,RO_AccountSubGroup,USER_TABLE,False
dbo,USP_RO_ActiveBILLTERM,dbo,RO_BillTerm,USER_TABLE,False
dbo,usp_RO_ArchivePaymentMethod,dbo,RO_SalesPaymentMode,USER_TABLE,False
dbo,USP_RO_BillCancelReason,,usp_ro_solveTableIssues,,False
dbo,USP_RO_BillCancelReason,dbo,RO_BillingAmount,USER_TABLE,False
dbo,USP_RO_BillCancelReason,dbo,RO_CakeSalesDetail,USER_TABLE,False
dbo,USP_RO_BillCancelReason,dbo,RO_Order_Detail,USER_TABLE,False
dbo,USP_RO_BillCancelReason,dbo,RO_SalesDetail,USER_TABLE,False
dbo,USP_RO_BillCancelReason,dbo,RO_SalesMaster,USER_TABLE,False
dbo,USP_RO_BILLTERM,dbo,RO_BillTerm,USER_TABLE,False
dbo,USP_RO_BILLTERM_NETAMOUNT,dbo,RO_BillTerm,USER_TABLE,False
dbo,USP_RO_BILLTERM_WITHID,dbo,RO_BillingAmount,USER_TABLE,False
dbo,USP_RO_BILLTERM_WITHID,dbo,RO_BillTerm,USER_TABLE,False
dbo,USP_RO_BILLTERMAMOUNT_SAVE,dbo,RO_BillingAmount,USER_TABLE,False
dbo,USP_RO_BILLTERMAMOUNT_SAVE,dbo,RO_BillTerm,USER_TABLE,False
dbo,usp_ro_Cake_DiscountDetails,dbo,RO_Discount,USER_TABLE,False
dbo,USP_RO_CAKE_GetdataforViewBill,dbo,RO_CAKE_SalesPaymentMode,USER_TABLE,False
dbo,USP_RO_CAKE_GetdataforViewBill,dbo,RO_CakeOrderMaster,USER_TABLE,False
dbo,USP_RO_CAKE_GetdataforViewBill,dbo,RO_CakeSalesDetail,USER_TABLE,False
dbo,USP_RO_CAKE_GetdataforViewBill,dbo,RO_CakeSalesMaster,USER_TABLE,False
dbo,USP_RO_CAKE_GetdataforViewBill,dbo,RO_CompanyInfo,USER_TABLE,False
dbo,USP_RO_CAKE_GetdataforViewBill,dbo,RO_fiscalYear,USER_TABLE,False
dbo,USP_RO_CAKE_GetdataforViewBill,dbo,RO_StatusMaster,USER_TABLE,False
dbo,USP_RO_CAKE_GetdataforViewBill,dbo,ROI_ITEMMain,USER_TABLE,False
dbo,USP_RO_CAKE_SaveBILLTERM,dbo,RO_CAKE_BillingAmount,USER_TABLE,False
dbo,USP_RO_CAKE_SAVESALESDETAIL,dbo,RO_CakeSalesDetail,USER_TABLE,False
dbo,USP_RO_CAKE_SAVESALESMASTER,dbo,RO_CakeSalesMaster,USER_TABLE,False
dbo,USP_RO_CAKE_SAVESALESMASTER,dbo,RO_fiscalYear,USER_TABLE,False
dbo,USP_RO_CAKE_SAVESALESMASTER,dbo,RO_SalesMaster,USER_TABLE,False
dbo,usp_ro_Cake_UpdateSalesPayMode,dbo,RO_CAKE_SalesPaymentMode,USER_TABLE,False
dbo,usp_ro_Cake_UpdateSalesPayMode,dbo,RO_CakeSalesMaster,USER_TABLE,False
dbo,USP_RO_CAKEORDERMASTER,dbo,RO_CakeOrderMaster,USER_TABLE,False
dbo,USP_RO_CAKEORDERMASTER,dbo,RO_StatusMaster,USER_TABLE,False
dbo,USP_RO_CancelORDERDETAIL,dbo,RO_MergeTable,USER_TABLE,False
dbo,USP_RO_CancelORDERDETAIL,dbo,RO_Order_Detail,USER_TABLE,False
dbo,USP_RO_CancelORDERDETAIL,dbo,RO_OrderItemStatus,USER_TABLE,False
dbo,USP_RO_CancelORDERDETAIL,dbo,RO_OrderMasters,USER_TABLE,False
dbo,USP_RO_CancelORDERDETAIL,dbo,RO_restroTable,USER_TABLE,False
dbo,USP_RO_CancelReason,dbo,RO_Order_Detail,USER_TABLE,False
dbo,USP_RO_CancelReason,dbo,RO_SalesMaster,USER_TABLE,False
dbo,USP_RO_CancelReason,dbo,ROI_SalesReturnStockTransaction,USER_TABLE,False
dbo,USP_RO_CancelReason,dbo,ROI_SalesStockTransaction,USER_TABLE,False
dbo,USP_RO_CancelReason,dbo,usp_ro_solveTableIssues,SQL_STORED_PROCEDURE,False
dbo,USP_RO_CancelReason,dbo,usp_SaveTransactionForSalesReturn,SQL_STORED_PROCEDURE,False
dbo,USP_RO_CATEGORIESDELETE,dbo,RO_Categories,USER_TABLE,False
dbo,USP_RO_CATEGORIESSAVE,dbo,RO_Categories,USER_TABLE,False
dbo,USP_RO_CATEGORYDELETE,dbo,RO_Categories,USER_TABLE,False
dbo,USP_RO_ChangeCompOrderStatus,dbo,CompItemStatus,USER_TABLE,False
dbo,USP_RO_ChangeOrderStatus,dbo,RO_OrderItemStatus,USER_TABLE,False
dbo,USP_RO_ChangePIN,dbo,PortalUser,USER_TABLE,False
dbo,usp_ro_CheckBillingTermExistence,dbo,RO_BillTerm,USER_TABLE,False
dbo,USP_RO_CheckDuplicteRoomName,dbo,RO_RestroRoom,USER_TABLE,False
dbo,USP_RO_CheckDuplicteRoomType,dbo,Ro_RoomType,USER_TABLE,False
dbo,USP_RO_CheckDuplicteTableName,dbo,RO_restroTable,USER_TABLE,False
dbo,usp_RO_CheckIfLoggedIn,dbo,Users,USER_TABLE,False
dbo,USP_RO_CheckLoyaltyForDiscount,dbo,RO_LoyaltyMembership,USER_TABLE,False
dbo,USP_RO_CheckPinCodeMatch,dbo,PortalUser,USER_TABLE,False
dbo,usp_ro_checkRoomAvailability,dbo,RO_OrderMasters,USER_TABLE,False
dbo,usp_ro_checkRoomAvailability,dbo,Ro_RoomBookings,USER_TABLE,False
dbo,USP_RO_ClearMergeforTable,dbo,RO_MergeTable,USER_TABLE,False
dbo,USP_RO_ClearMergeforTable,dbo,RO_restroTable,USER_TABLE,False
dbo,USP_RO_ClearMergeTableList,dbo,RO_MergeTable,USER_TABLE,False
dbo,USP_RO_ClearMergeTableList,dbo,RO_restroTable,USER_TABLE,False
dbo,usp_ro_CloseTheDay,,USP_RO_Generate_Sales_Summary,,False
dbo,usp_ro_CloseTheDay,,usp_ro_generateDailySalesReport,,False
dbo,usp_ro_CloseTheDay,,usp_ro_generateDailyStockReport,,False
dbo,usp_ro_CloseTheDay,dbo,DailyFinancialReport,USER_TABLE,False
dbo,USP_RO_COMBOSAVE,dbo,RO_Combo,USER_TABLE,False
dbo,USP_RO_COMBOSAVE,dbo,ROI_ItemRateHistory,USER_TABLE,False
dbo,USP_RO_COMBOSAVEDETAILS,dbo,RO_ComboDetails,USER_TABLE,False
dbo,USP_RO_ComplementarySALESREPORT,dbo,CostCenterInfo,USER_TABLE,False
dbo,USP_RO_ComplementarySALESREPORT,dbo,RO_Combo,USER_TABLE,False
dbo,USP_RO_ComplementarySALESREPORT,dbo,RO_ComboDetails,USER_TABLE,False
dbo,USP_RO_ComplementarySALESREPORT,dbo,RO_ComplementaryItems,USER_TABLE,False
dbo,USP_RO_ComplementarySALESREPORT,dbo,RO_RestroRoom,USER_TABLE,False
dbo,USP_RO_ComplementarySALESREPORT,dbo,RO_restroTable,USER_TABLE,False
dbo,USP_RO_ComplementarySALESREPORT,dbo,ROI_ItemDetails,USER_TABLE,False
dbo,USP_RO_ComplementarySALESREPORT,dbo,ROI_ITEMMain,USER_TABLE,False
dbo,USP_RO_ComplementarySALESREPORT,dbo,ROI_Unit1,USER_TABLE,False
dbo,USP_RO_ComplementarySALESREPORT,dbo,tblComplementaryMaster,USER_TABLE,False
dbo,USP_RO_Credit_CancelReason,dbo,RO_LoyaltyMembership,USER_TABLE,False
dbo,USP_RO_Credit_CancelReason,dbo,RO_SalesPaymentMode,USER_TABLE,False
dbo,USP_RO_CURRENCYDELETE,dbo,RO_Currency,USER_TABLE,False
dbo,USP_RO_CURRENCYSAVE,dbo,RO_Currency,USER_TABLE,False
dbo,usp_ro_dailyItemSalesForMail,dbo,CostCenterInfo,USER_TABLE,False
dbo,usp_ro_dailyItemSalesForMail,dbo,RO_Combo,USER_TABLE,False
dbo,usp_ro_dailyItemSalesForMail,dbo,RO_SalesDetail,USER_TABLE,False
dbo,usp_ro_dailyItemSalesForMail,dbo,RO_SalesMaster,USER_TABLE,False
dbo,usp_ro_dailyItemSalesForMail,dbo,ROI_ItemDetails,USER_TABLE,False
dbo,usp_ro_dailyItemSalesForMail,dbo,ROI_ITEMMain,USER_TABLE,False
dbo,usp_ro_dailyItemSalesForMail,dbo,ROI_Unit1,USER_TABLE,False
dbo,USP_RO_DailyItemSalesReport,dbo,CBMS_BillPostLog,USER_TABLE,False
dbo,USP_RO_DailyItemSalesReport,dbo,CostCenterInfo,USER_TABLE,False
dbo,USP_RO_DailyItemSalesReport,dbo,RO_CakeSalesDetail,USER_TABLE,False
dbo,USP_RO_DailyItemSalesReport,dbo,RO_CakeSalesMaster,USER_TABLE,False
dbo,USP_RO_DailyItemSalesReport,dbo,RO_OrderMasters,USER_TABLE,False
dbo,USP_RO_DailyItemSalesReport,dbo,RO_SalesDetail,USER_TABLE,False
dbo,USP_RO_DailyItemSalesReport,dbo,RO_SalesMaster,USER_TABLE,False
dbo,USP_RO_DailyItemSalesReport,dbo,ROI_ItemDetails,USER_TABLE,False
dbo,USP_RO_DailyItemSalesReport,dbo,ROI_ITEMMain,USER_TABLE,False
dbo,USP_RO_DailyItemSalesReport,dbo,ROI_Unit1,USER_TABLE,False
dbo,USP_RO_DailyItemSalesReport,dbo,vw_ROI_StockReportView,VIEW,False
dbo,usp_RO_DailyOrderDetails,dbo,RO_OrderMasters,USER_TABLE,False
dbo,usp_RO_DailyOrderDetails,dbo,RO_RestroRoom,USER_TABLE,False
dbo,usp_RO_DailyOrderDetails,dbo,RO_restroTable,USER_TABLE,False
dbo,usp_ro_deleteAfterEdit,dbo,ROI_PurchaseDetails,USER_TABLE,False
dbo,usp_ro_deleteAfterEdit,dbo,ROI_PurchaseLotNo,USER_TABLE,False
dbo,usp_ro_deleteAfterEdit,dbo,ROI_PurchaseMain,USER_TABLE,False
dbo,USP_RO_deleteBillingTermDetails,dbo,RO_BillTermDetails,USER_TABLE,False
dbo,USP_RO_DELETEBILLTERM,dbo,RO_BillTerm,USER_TABLE,False
dbo,USP_RO_DELETECARDPROVIDER,dbo,RO_CardProvider,USER_TABLE,False
dbo,USP_RO_DELETECOMBO,dbo,RO_Combo,USER_TABLE,False
dbo,USP_RO_DELETECOSTCENTER,dbo,CostCenterInfo,USER_TABLE,False
dbo,USP_RO_deleteDependentRoomsAndTables,dbo,RO_RestroRoom,USER_TABLE,False
dbo,USP_RO_deleteDependentRoomsAndTables,dbo,RO_restroTable,USER_TABLE,False
dbo,USP_RO_deleteDependentRoomsAndTables,dbo,Ro_RoomType,USER_TABLE,False
dbo,usp_ro_DeleteExtraItem,dbo,RO_ExtraItem,USER_TABLE,False
dbo,usp_ro_DeleteIngredientItemByID,dbo,Ro_Ingredient,USER_TABLE,False
dbo,USP_RO_DELETEROOM,dbo,RO_RestroRoom,USER_TABLE,False
dbo,USP_RO_DELETEROOMTYPE,dbo,Ro_RoomType,USER_TABLE,False
dbo,USP_RO_DELETETABLE,dbo,RO_restroTable,USER_TABLE,False
dbo,USP_RO_DELTEORDERDETAIL,dbo,RO_Order_Detail,USER_TABLE,False
dbo,USP_RO_ENUMDELETE,dbo,RO_Enum,USER_TABLE,False
dbo,USP_RO_ENUMSAVE,dbo,RO_Enum,USER_TABLE,False
dbo,usp_ro_extraIngredientSave,dbo,RO_ExtraIngredient,USER_TABLE,False
dbo,usp_ro_extraitemforitemsave,dbo,Roi_ExtraItemForItem,USER_TABLE,False
dbo,usp_ro_extraitemsave,dbo,RO_ExtraItem,USER_TABLE,False
dbo,USP_RO_Generate_Sales_Summary,dbo,CBMS_BillPostLog,USER_TABLE,False
dbo,USP_RO_Generate_Sales_Summary,dbo,RO_BillingAmount,USER_TABLE,False
dbo,USP_RO_Generate_Sales_Summary,dbo,RO_CardProvider,USER_TABLE,False
dbo,USP_RO_Generate_Sales_Summary,dbo,RO_CompanyInfo,USER_TABLE,False
dbo,USP_RO_Generate_Sales_Summary,dbo,RO_fiscalYear,USER_TABLE,False
dbo,USP_RO_Generate_Sales_Summary,dbo,RO_LoyaltyMembership,USER_TABLE,False
dbo,USP_RO_Generate_Sales_Summary,dbo,RO_PaymentModes,USER_TABLE,False
dbo,USP_RO_Generate_Sales_Summary,dbo,RO_RestroRoom,USER_TABLE,False
dbo,USP_RO_Generate_Sales_Summary,dbo,RO_restroTable,USER_TABLE,False
dbo,USP_RO_Generate_Sales_Summary,dbo,RO_Sales_View,USER_TABLE,False
dbo,USP_RO_Generate_Sales_Summary,dbo,RO_SalesMaster,USER_TABLE,False
dbo,USP_RO_Generate_Sales_Summary,dbo,RO_SalesPaymentMode,USER_TABLE,False
dbo,usp_ro_generateDailyFinancialReport,dbo,CBMS_BillPostLog,USER_TABLE,False
dbo,usp_ro_generateDailyFinancialReport,dbo,DailyFinancialReport,USER_TABLE,False
dbo,usp_ro_generateDailyFinancialReport,dbo,RO_AdvancePaymentMode,USER_TABLE,False
dbo,usp_ro_generateDailyFinancialReport,dbo,RO_CAKE_SalesPaymentMode,USER_TABLE,False
dbo,usp_ro_generateDailyFinancialReport,dbo,RO_CakeSalesMaster,USER_TABLE,False
dbo,usp_ro_generateDailyFinancialReport,dbo,RO_LoyaltyMembership,USER_TABLE,False
dbo,usp_ro_generateDailyFinancialReport,dbo,RO_MemberPay,USER_TABLE,False
dbo,usp_ro_generateDailyFinancialReport,dbo,RO_MemberPaymentMode,USER_TABLE,False
dbo,usp_ro_generateDailyFinancialReport,dbo,RO_OrderMasters,USER_TABLE,False
dbo,usp_ro_generateDailyFinancialReport,dbo,Ro_RoomBookings,USER_TABLE,False
dbo,usp_ro_generateDailyFinancialReport,dbo,RO_SalesMaster,USER_TABLE,False
dbo,usp_ro_generateDailyFinancialReport,dbo,RO_SalesPaymentMode,USER_TABLE,False
dbo,usp_ro_generateDailySalesReport,dbo,CBMS_BillPostLog,USER_TABLE,False
dbo,usp_ro_generateDailySalesReport,dbo,DailyFinancialReport,USER_TABLE,False
dbo,usp_ro_generateDailySalesReport,dbo,DailySalesReport,USER_TABLE,False
dbo,usp_ro_generateDailySalesReport,dbo,RO_BillingAmount,USER_TABLE,False
dbo,usp_ro_generateDailySalesReport,dbo,RO_CAKE_BillingAmount,USER_TABLE,False
dbo,usp_ro_generateDailySalesReport,dbo,RO_CAKE_SalesPaymentMode,USER_TABLE,False
dbo,usp_ro_generateDailySalesReport,dbo,RO_CakeSalesMaster,USER_TABLE,False
dbo,usp_ro_generateDailySalesReport,dbo,RO_CompanyInfo,USER_TABLE,False
dbo,usp_ro_generateDailySalesReport,dbo,RO_fiscalYear,USER_TABLE,False
dbo,usp_ro_generateDailySalesReport,dbo,RO_PaymentModes,USER_TABLE,False
dbo,usp_ro_generateDailySalesReport,dbo,RO_SalesMaster,USER_TABLE,False
dbo,usp_ro_generateDailySalesReport,dbo,RO_SalesPaymentMode,USER_TABLE,False
dbo,usp_ro_generateDailyStockReport,dbo,CBMS_BillPostLog,USER_TABLE,False
dbo,usp_ro_generateDailyStockReport,dbo,DailyFinancialReport,USER_TABLE,False
dbo,usp_ro_generateDailyStockReport,dbo,DailyStockReport,USER_TABLE,False
dbo,usp_ro_generateDailyStockReport,dbo,Ro_Ingredient,USER_TABLE,False
dbo,usp_ro_generateDailyStockReport,dbo,RO_SalesDetail,USER_TABLE,False
dbo,usp_ro_generateDailyStockReport,dbo,RO_SalesMaster,USER_TABLE,False
dbo,usp_ro_generateDailyStockReport,dbo,ROI_ItemDetails,USER_TABLE,False
dbo,usp_ro_generateDailyStockReport,dbo,ROI_ITEMMain,USER_TABLE,False
dbo,usp_ro_generateDailyStockReport,dbo,ROI_PurchaseDetails,USER_TABLE,False
dbo,usp_ro_generateDailyStockReport,dbo,ROI_PurchaseMain,USER_TABLE,False
dbo,usp_ro_generateDailyStockReport,dbo,ROI_Unit1,USER_TABLE,False
dbo,usp_ro_get_frontpageheaderStatus,dbo,RO_Order_Detail,USER_TABLE,False
dbo,usp_ro_get_frontpageheaderStatus,dbo,RO_OrderMasters,USER_TABLE,False
dbo,usp_ro_get_frontpageheaderStatus,dbo,RO_SalesMaster,USER_TABLE,False
dbo,usp_ro_get_frontpageStatus,dbo,RO_restroTable,USER_TABLE,False
dbo,usp_ro_get_frontpageStatus,dbo,RO_SalesMaster,USER_TABLE,False
dbo,USP_RO_GETACCOUNTGROUP,dbo,RO_AccountGroup,USER_TABLE,False
dbo,USP_RO_GETACCOUNTSUBGROUP,dbo,RO_AccountSubGroup,USER_TABLE,False
dbo,USP_RO_GETACCOUNTSUBGROUPBYID,dbo,RO_AccountSubGroup,USER_TABLE,False
dbo,usp_ro_GetAllExtraItemByOrderMaster,dbo,RO_Order_Detail,USER_TABLE,False
dbo,usp_ro_GetAllExtraItemByOrderMaster,dbo,RO_Order_ExtraItem,USER_TABLE,False
dbo,usp_ro_GetAllExtraItemByOrderMaster,dbo,RO_OrderItemStatus,USER_TABLE,False
dbo,USP_RO_GETAllORDER,dbo,RO_OrderMasters,USER_TABLE,False
dbo,USP_RO_GETAllORDER,dbo,RO_RestroRoom,USER_TABLE,False
dbo,USP_RO_GETAllORDER,dbo,RO_restroTable,USER_TABLE,False
dbo,USP_RO_GETAllPICKORDER,dbo,RO_OrderMasters,USER_TABLE,False
dbo,USP_RO_GETAllPICKORDER,dbo,RO_RestroRoom,USER_TABLE,False
dbo,USP_RO_GETAllPICKORDER,dbo,RO_restroTable,USER_TABLE,False
dbo,usp_ro_getbasicsumamount,dbo,RO_OrderMasters,USER_TABLE,False
dbo,usp_ro_getbasicsumamountByReportNumber,dbo,RO_OrderMasters,USER_TABLE,False
dbo,usp_ro_getbasicsumamountByReportNumber,dbo,RO_RestroRoom,USER_TABLE,False
dbo,usp_ro_getbasicsumamountByReportNumber,dbo,RO_restroTable,USER_TABLE,False
dbo,usp_ro_getBillBody,dbo,CostCenterInfo,USER_TABLE,False
dbo,usp_ro_getBillBody,dbo,RO_fiscalYear,USER_TABLE,False
dbo,usp_ro_getBillBody,dbo,RO_RestroRoom,USER_TABLE,False
dbo,usp_ro_getBillBody,dbo,RO_restroTable,USER_TABLE,False
dbo,usp_ro_getBillBody,dbo,RO_SalesDetail,USER_TABLE,False
dbo,usp_ro_getBillBody,dbo,RO_SalesMaster,USER_TABLE,False
dbo,usp_ro_getBillBody,dbo,ROI_ITEMMain,USER_TABLE,False
dbo,USP_RO_GetBillInfo,dbo,CBMS_BillPostLog,USER_TABLE,False
dbo,USP_RO_GetBillInfo,dbo,CBMS_BillReturnPostLog,USER_TABLE,False
dbo,USP_RO_GetBillInfo,dbo,RO_CakeSalesMaster,USER_TABLE,False
dbo,USP_RO_GetBillInfo,dbo,RO_CompanyInfo,USER_TABLE,False
dbo,USP_RO_GetBillInfo,dbo,RO_fiscalYear,USER_TABLE,False
dbo,USP_RO_GetBillInfo,dbo,RO_SalesMaster,USER_TABLE,False
dbo,USP_RO_GETBILLTERMBYBillNO,dbo,RO_BillingAmount,USER_TABLE,False
dbo,USP_RO_GETBILLTERMBYBillNO,dbo,RO_BillTerm,USER_TABLE,False
dbo,USP_RO_GETBILLTERMBYBillNO,dbo,RO_SalesMaster,USER_TABLE,False
dbo,USP_RO_GETBILLTERMBYID,dbo,RO_BillTerm,USER_TABLE,False
dbo,USP_RO_GETBILLTERMBYSalesMasterId,dbo,RO_BillingAmount,USER_TABLE,False
dbo,USP_RO_GETBILLTERMBYSalesMasterId,dbo,RO_BillTerm,USER_TABLE,False
dbo,USP_RO_GETBILLTERMBYSalesMasterId,dbo,RO_CAKE_BillingAmount,USER_TABLE,False
dbo,USP_RO_GETBILLTERMBYSalesMasterId,dbo,RO_CakeSalesMaster,USER_TABLE,False
dbo,USP_RO_GETBILLTERMBYSalesMasterId,dbo,RO_SalesMaster,USER_TABLE,False
dbo,USP_RO_getBillTermDetailsByBillTerm,dbo,RO_BillTermDetails,USER_TABLE,False
dbo,USP_RO_getCakeOrderDetailByOrderMaster,dbo,RO_CakeOrder_Detail,USER_TABLE,False
dbo,USP_RO_getCakeOrderDetailByOrderMaster,dbo,RO_CakeOrderMaster,USER_TABLE,False
dbo,USP_RO_GETCANCELLEDCUMBO,dbo,RO_Combo,USER_TABLE,False
dbo,USP_RO_GETCARDPROVIDER,dbo,RO_CardProvider,USER_TABLE,False
dbo,USP_RO_GETCARDPROVIDERBYID,dbo,RO_CardProvider,USER_TABLE,False
dbo,USP_RO_GETCATEGORIES,dbo,RO_Categories,USER_TABLE,False
dbo,USP_RO_GETCATEGORIES,dbo,RO_Menus,USER_TABLE,False
dbo,USP_RO_GETCATEGORIESBYMENU,dbo,RO_Categories,USER_TABLE,False
dbo,USP_RO_GetCategoriesBymenuID,dbo,RO_GlobalizedMenu,USER_TABLE,False
dbo,USP_RO_GetCategoriesBymenuID,dbo,ROI_ItemDetails,USER_TABLE,False
dbo,USP_RO_GetCategoriesBymenuID,dbo,ROI_ITEMMain,USER_TABLE,False
dbo,USP_RO_GetCategoriesBymenuID,dbo,ROI_ItemRate,USER_TABLE,False
dbo,USP_RO_getCombolistwithrate,dbo,RO_Combo,USER_TABLE,False
dbo,USP_RO_GetComplimentaryOccupiedTables,dbo,RO_RestroRoom,USER_TABLE,False
dbo,USP_RO_GetComplimentaryOccupiedTables,dbo,RO_restroTable,USER_TABLE,False
dbo,USP_RO_GetComplimentaryOccupiedTables,dbo,tblComplementaryMaster,USER_TABLE,False
dbo,USP_RO_GetComplimentaryOrdersByOrderId,dbo,RO_ComplementaryItems,USER_TABLE,False
dbo,USP_RO_GetComplimentaryOrdersByOrderId,dbo,RO_RestroRoom,USER_TABLE,False
dbo,USP_RO_GetComplimentaryOrdersByOrderId,dbo,RO_restroTable,USER_TABLE,False
dbo,USP_RO_GetComplimentaryOrdersByOrderId,dbo,ROI_ITEMMain,USER_TABLE,False
dbo,USP_RO_GetComplimentaryOrdersByOrderId,dbo,tblComplementaryMaster,USER_TABLE,False
dbo,usp_ro_getConsumptionReportByDate,dbo,RO_ComplementaryItems,USER_TABLE,False
dbo,usp_ro_getConsumptionReportByDate,dbo,RO_ExtraIngredient,USER_TABLE,False
dbo,usp_ro_getConsumptionReportByDate,dbo,RO_ExtraItem,USER_TABLE,False
dbo,usp_ro_getConsumptionReportByDate,dbo,Ro_Ingredient,USER_TABLE,False
dbo,usp_ro_getConsumptionReportByDate,dbo,RO_SalesDetail,USER_TABLE,False
dbo,usp_ro_getConsumptionReportByDate,dbo,RO_SalesDetailExtra,USER_TABLE,False
dbo,usp_ro_getConsumptionReportByDate,dbo,RO_SalesMaster,USER_TABLE,False
dbo,usp_ro_getConsumptionReportByDate,dbo,ROI_ItemDetails,USER_TABLE,False
dbo,usp_ro_getConsumptionReportByDate,dbo,ROI_ITEMMain,USER_TABLE,False
dbo,usp_ro_getConsumptionReportByDate,dbo,ROI_Unit1,USER_TABLE,False
dbo,usp_ro_getConsumptionReportByDate,dbo,tblComplementaryMaster,USER_TABLE,False
dbo,usp_ro_getConsumptionReportByDate_bak,dbo,RO_ExtraIngredient,USER_TABLE,False
dbo,usp_ro_getConsumptionReportByDate_bak,dbo,RO_ExtraItem,USER_TABLE,False
dbo,usp_ro_getConsumptionReportByDate_bak,dbo,Ro_Ingredient,USER_TABLE,False
dbo,usp_ro_getConsumptionReportByDate_bak,dbo,RO_SalesDetail,USER_TABLE,False
dbo,usp_ro_getConsumptionReportByDate_bak,dbo,RO_SalesDetailExtra,USER_TABLE,False
dbo,usp_ro_getConsumptionReportByDate_bak,dbo,RO_SalesMaster,USER_TABLE,False
dbo,usp_ro_getConsumptionReportByDate_bak,dbo,ROI_ItemDetails,USER_TABLE,False
dbo,usp_ro_getConsumptionReportByDate_bak,dbo,ROI_ITEMMain,USER_TABLE,False
dbo,usp_ro_getConsumptionReportByDate_bak,dbo,ROI_Unit1,USER_TABLE,False
dbo,USP_RO_GETCOSTCENTER,dbo,CostCenterInfo,USER_TABLE,False
dbo,USP_RO_GETCOSTCENTERBYID,dbo,CostCenterInfo,USER_TABLE,False
dbo,USP_RO_GETCOSTCENTERBYID,dbo,RO_CostCenterGroup,USER_TABLE,False
dbo,usp_ro_getcostcenterdiscountreport,dbo,CBMS_BillPostLog,USER_TABLE,False
dbo,usp_ro_getcostcenterdiscountreport,dbo,RO_BillingAmount,USER_TABLE,False
dbo,usp_ro_getcostcenterdiscountreport,dbo,RO_CompanyInfo,USER_TABLE,False
dbo,usp_ro_getcostcenterdiscountreport,dbo,RO_fiscalYear,USER_TABLE,False
dbo,usp_ro_getcostcenterdiscountreport,dbo,RO_OrderMasters,USER_TABLE,False
dbo,usp_ro_getcostcenterdiscountreport,dbo,RO_PaymentModes,USER_TABLE,False
dbo,usp_ro_getcostcenterdiscountreport,dbo,RO_RestroRoom,USER_TABLE,False
dbo,usp_ro_getcostcenterdiscountreport,dbo,RO_restroTable,USER_TABLE,False
dbo,usp_ro_getcostcenterdiscountreport,dbo,RO_SalesMaster,USER_TABLE,False
dbo,usp_ro_getcostcenterdiscountreport,dbo,RO_SalesPaymentMode,USER_TABLE,False
dbo,usp_ro_getcostcenterdiscountreport,dbo,ufn_ro_getcostcenterdiscount,SQL_INLINE_TABLE_VALUED_FUNCTION,False
dbo,USP_RO_GetCostCenterGroupClosing,dbo,CostCenterInfo,USER_TABLE,False
dbo,USP_RO_GetCostCenterGroupClosing,dbo,RO_CostCenterGroup,USER_TABLE,False
dbo,USP_RO_GetCostCenterGroupClosing,dbo,RO_SalesDetail,USER_TABLE,False
dbo,USP_RO_GetCostCenterGroupClosing,dbo,RO_SalesMaster,USER_TABLE,False
dbo,USP_RO_GetCostCenterWiseOrderNo,dbo,RO_ComplementaryItems,USER_TABLE,False
dbo,USP_RO_GetCostCenterWiseOrderNo,dbo,RO_CostCenterWiseOrderNo,USER_TABLE,False
dbo,USP_RO_GetCostCenterWiseOrderNo,dbo,RO_Order_Detail,USER_TABLE,False
dbo,USP_RO_getCreditPayReportByDates,dbo,RO_LoyaltyMembership,USER_TABLE,False
dbo,USP_RO_getCreditPayReportByDates,dbo,RO_MemberPay,USER_TABLE,False
dbo,USP_RO_getCreditPayReportByDates,dbo,RO_MemberPaymentMode,USER_TABLE,False
dbo,USP_RO_getCreditReport,dbo,RO_CompanyInfo,USER_TABLE,False
dbo,USP_RO_getCreditReport,dbo,RO_fiscalYear,USER_TABLE,False
dbo,USP_RO_getCreditReport,dbo,RO_GoodsReceivedDetls,USER_TABLE,False
dbo,USP_RO_getCreditReport,dbo,RO_GoodsReceivedMain,USER_TABLE,False
dbo,USP_RO_getCreditReport,dbo,RO_LoyaltyMembership,USER_TABLE,False
dbo,USP_RO_getCreditReport,dbo,RO_PurchasePaymentMode,USER_TABLE,False
dbo,USP_RO_getCreditReport,dbo,RO_SalesMaster,USER_TABLE,False
dbo,USP_RO_getCreditReport,dbo,RO_SalesPaymentMode,USER_TABLE,False
dbo,USP_RO_GETCUMBO,,USP_InactiveCombo,,False
dbo,USP_RO_GETCUMBO,dbo,RO_Combo,USER_TABLE,False
dbo,USP_RO_GETCURRENCY,dbo,RO_Currency,USER_TABLE,False
dbo,USP_RO_GETCURRENCYBYID,dbo,RO_Currency,USER_TABLE,False
dbo,usp_ro_GetCurrentActiveFiscalYear,dbo,RO_fiscalYear,USER_TABLE,False
dbo,usp_ro_GetCurrentActiveFiscalYear,dbo,RO_OrderMasters,USER_TABLE,False
dbo,USP_RO_GetDailyChalan,,RO_DailyChalan,,False
dbo,USP_RO_GetDailyChalanIssueDetails,dbo,DailyChalanIssueDetails,USER_TABLE,False
dbo,USP_RO_GetDailyChalanMaster,dbo,DailyChalanMaster,USER_TABLE,False
dbo,USP_RO_GetDailyChalanReturnedDetails,dbo,DailyChalanReturnedDetail,USER_TABLE,False
dbo,USP_RO_GetDailyFinancialReport,dbo,DailyFinancialReport,USER_TABLE,False
dbo,usp_Ro_GetdataByPurchaseOrderId,dbo,Ro_AdjustmentType,USER_TABLE,False
dbo,usp_Ro_GetdataByPurchaseOrderId,dbo,ROI_AdjustmentDetls,USER_TABLE,False
dbo,usp_Ro_GetdataByPurchaseOrderId,dbo,ROI_ITEMMain,USER_TABLE,False
dbo,usp_Ro_GetdataByPurchaseOrderId,dbo,ROI_Unit1,USER_TABLE,False
dbo,USP_RO_GetdataforPrint,dbo,RO_Combo,USER_TABLE,False
dbo,USP_RO_GetdataforPrint,dbo,RO_fiscalYear,USER_TABLE,False
dbo,USP_RO_GetdataforPrint,dbo,RO_Order_Detail,USER_TABLE,False
dbo,USP_RO_GetdataforPrint,dbo,RO_OrderMasters,USER_TABLE,False
dbo,USP_RO_GetdataforPrint,dbo,RO_RestroRoom,USER_TABLE,False
dbo,USP_RO_GetdataforPrint,dbo,RO_restroTable,USER_TABLE,False
dbo,USP_RO_GetdataforPrint,dbo,RO_SalesMaster,USER_TABLE,False
dbo,USP_RO_GetdataforPrint,dbo,ROI_ItemDetails,USER_TABLE,False
dbo,USP_RO_GetdataforPrint,dbo,ROI_ITEMMain,USER_TABLE,False
dbo,USP_RO_GetdataforPrint,dbo,ROI_ItemRate,USER_TABLE,False
dbo,USP_RO_GetDataforPrintBySeatNo,dbo,RO_Combo,USER_TABLE,False
dbo,USP_RO_GetDataforPrintBySeatNo,dbo,RO_fiscalYear,USER_TABLE,False
dbo,USP_RO_GetDataforPrintBySeatNo,dbo,RO_Order_Detail,USER_TABLE,False
dbo,USP_RO_GetDataforPrintBySeatNo,dbo,RO_OrderMasters,USER_TABLE,False
dbo,USP_RO_GetDataforPrintBySeatNo,dbo,RO_RestroRoom,USER_TABLE,False
dbo,USP_RO_GetDataforPrintBySeatNo,dbo,RO_restroTable,USER_TABLE,False
dbo,USP_RO_GetDataforPrintBySeatNo,dbo,RO_SalesMaster,USER_TABLE,False
dbo,USP_RO_GetDataforPrintBySeatNo,dbo,ROI_ItemDetails,USER_TABLE,False
dbo,USP_RO_GetDataforPrintBySeatNo,dbo,ROI_ITEMMain,USER_TABLE,False
dbo,USP_RO_GetDataforPrintBySeatNo,dbo,ROI_ItemRate,USER_TABLE,False
dbo,USP_RO_GetdataforViewBill,dbo,CostCenterInfo,USER_TABLE,False
dbo,USP_RO_GetdataforViewBill,dbo,RO_Combo,USER_TABLE,False
dbo,USP_RO_GetdataforViewBill,dbo,RO_CompanyInfo,USER_TABLE,False
dbo,USP_RO_GetdataforViewBill,dbo,RO_CostCenterGroup,USER_TABLE,False
dbo,USP_RO_GetdataforViewBill,dbo,RO_fiscalYear,USER_TABLE,False
dbo,USP_RO_GetdataforViewBill,dbo,RO_restroTable,USER_TABLE,False
dbo,USP_RO_GetdataforViewBill,dbo,RO_SalesDetail,USER_TABLE,False
dbo,USP_RO_GetdataforViewBill,dbo,RO_SalesMaster,USER_TABLE,False
dbo,USP_RO_GetdataforViewBill,dbo,RO_SalesPaymentMode,USER_TABLE,False
dbo,USP_RO_GetdataforViewBill,dbo,ROI_ITEMMain,USER_TABLE,False
dbo,USP_RO_GetdataforViewBilltest,dbo,RO_Order_Detail,USER_TABLE,False
dbo,USP_RO_GetdataforViewBilltest,dbo,RO_OrderMasters,USER_TABLE,False
dbo,USP_RO_GetdataforViewBilltest,dbo,RO_RestroRoom,USER_TABLE,False
dbo,USP_RO_GetdataforViewBilltest,dbo,RO_restroTable,USER_TABLE,False
dbo,USP_RO_GetdataforViewBilltest,dbo,RO_SalesMaster,USER_TABLE,False
dbo,USP_RO_GetdataforViewBilltest,dbo,ROI_ItemDetails,USER_TABLE,False
dbo,USP_RO_GetdataforViewBilltest,dbo,ROI_ITEMMain,USER_TABLE,False
dbo,USP_RO_GetdataforViewBilltest,dbo,ROI_ItemRate,USER_TABLE,False
dbo,USP_RO_GetDataFromCostCenterID,dbo,RO_Combo,USER_TABLE,False
dbo,USP_RO_GetDataFromCostCenterID,dbo,RO_ItemStatus,USER_TABLE,False
dbo,USP_RO_GetDataFromCostCenterID,dbo,RO_Order_Detail,USER_TABLE,False
dbo,USP_RO_GetDataFromCostCenterID,dbo,RO_Order_ExtraItem,USER_TABLE,False
dbo,USP_RO_GetDataFromCostCenterID,dbo,RO_OrderItemStatus,USER_TABLE,False
dbo,USP_RO_GetDataFromCostCenterID,dbo,RO_OrderMasters,USER_TABLE,False
dbo,USP_RO_GetDataFromCostCenterID,dbo,RO_RestroRoom,USER_TABLE,False
dbo,USP_RO_GetDataFromCostCenterID,dbo,RO_restroTable,USER_TABLE,False
dbo,USP_RO_GetDataFromCostCenterID,dbo,ROI_ItemDetails,USER_TABLE,False
dbo,USP_RO_GetDataFromCostCenterID,dbo,ROI_ITEMMain,USER_TABLE,False
dbo,USP_RO_GetDataFromCostCenterID,dbo,ROI_ItemRate,USER_TABLE,False
dbo,usp_ro_GetDiscount,dbo,ro_flatandPerDiscount,USER_TABLE,False
dbo,USP_RO_GETDISCOUNT_DETAIL,dbo,RO_Discount,USER_TABLE,False
dbo,usp_ro_GetDiscountCouponReport,dbo,RO_CompanyInfo,USER_TABLE,False
dbo,usp_ro_GetDiscountCouponReport,dbo,RO_CustomerBillLog,USER_TABLE,False
dbo,usp_ro_GetDiscountCouponReport,dbo,RO_fiscalYear,USER_TABLE,False
dbo,usp_ro_GetDiscountCouponReport,dbo,RO_LoyaltyMembership,USER_TABLE,False
dbo,usp_ro_GetDiscountCouponReport,dbo,RO_SalesMaster,USER_TABLE,False
dbo,usp_ro_getdiscountfromcostcenter,dbo,CostCenterInfo,USER_TABLE,False
dbo,USP_RO_GETENUM,dbo,RO_Enum,USER_TABLE,False
dbo,USP_RO_GETENUMBYID,dbo,RO_Enum,USER_TABLE,False
dbo,USP_RO_GetExtraIngredientList,dbo,RO_ExtraIngredient,USER_TABLE,False
dbo,USP_RO_GetExtraIngredientList,dbo,ROI_ItemDetails,USER_TABLE,False
dbo,USP_RO_GetExtraIngredientList,dbo,ROI_ITEMMain,USER_TABLE,False
dbo,USP_RO_GetExtraIngredientList,dbo,ROI_Unit1,USER_TABLE,False
dbo,USP_RO_GetExtraItemList,dbo,RO_ExtraItem,USER_TABLE,False
dbo,usp_ro_Getextraitemsforitems,dbo,RO_ExtraItem,USER_TABLE,False
dbo,usp_ro_Getextraitemsforitems,dbo,Roi_ExtraItemForItem,USER_TABLE,False
dbo,usp_ro_GetExtraSalesBySalesMaster,dbo,RO_SalesDetailExtra,USER_TABLE,False
dbo,usp_ro_GetFiscalYear,dbo,RO_fiscalYear,USER_TABLE,False
dbo,USP_RO_GETGLOBALIZEDMENU,dbo,RO_GlobalizedMenu,USER_TABLE,False
dbo,USP_RO_GETGLOBALIZEDMENU,dbo,ROI_ItemDetails,USER_TABLE,False
dbo,USP_RO_GETGLOBALIZEDMENU,dbo,ROI_ITEMMain,USER_TABLE,False
dbo,USP_RO_GetGoodsReceivedDetailsByGMId,dbo,RO_GoodsReceivedDetls,USER_TABLE,False
dbo,USP_RO_GetGoodsReceivedDetailsByGMId,dbo,ROI_ITEMMain,USER_TABLE,False
dbo,USP_RO_GetGoodsReceivedDetailsByGMId,dbo,ROI_PurchaseDetails,USER_TABLE,False
dbo,USP_RO_GetGoodsReceivedDetailsByGMId,dbo,ROI_Unit1,USER_TABLE,False
dbo,USP_RO_GETIITEM,dbo,ROI_ItemDetails,USER_TABLE,False
dbo,USP_RO_GETIITEM,dbo,ROI_ITEMMain,USER_TABLE,False
dbo,USP_RO_GETINVITEM,dbo,ROI_ItemDetails,USER_TABLE,False
dbo,USP_RO_GETINVITEM,dbo,ROI_ITEMMain,USER_TABLE,False
dbo,USP_RO_GETINVITEM,dbo,ROI_ItemRate,USER_TABLE,False
dbo,USP_RO_GETINVITEM_OrderLevel,dbo,ROI_ItemDetails,USER_TABLE,False
dbo,USP_RO_GETINVITEM_OrderLevel,dbo,ROI_ITEMMain,USER_TABLE,False
dbo,USP_RO_GETINVITEMOrderLevel,dbo,ROI_ItemDetails,USER_TABLE,False
dbo,USP_RO_GETINVITEMOrderLevel,dbo,ROI_ITEMMain,USER_TABLE,False
dbo,USP_RO_GETITEM,dbo,CostCenterInfo,USER_TABLE,False
dbo,USP_RO_GETITEM,dbo,RO_Categories,USER_TABLE,False
dbo,USP_RO_GETITEM,dbo,RO_Items,USER_TABLE,False
dbo,USP_RO_GETITEM,dbo,RO_Units,USER_TABLE,False
dbo,USP_RO_GETITEMBYCATEGORY,dbo,RO_Items,USER_TABLE,False
dbo,USP_RO_GetItemByCategoryID,dbo,RO_GlobalizedMenu,USER_TABLE,False
dbo,USP_RO_GetItemByCategoryID,dbo,ROI_ItemDetails,USER_TABLE,False
dbo,USP_RO_GetItemByCategoryID,dbo,ROI_ITEMMain,USER_TABLE,False
dbo,USP_RO_GetItemByCategoryID,dbo,ROI_ItemRate,USER_TABLE,False
dbo,USP_RO_GETITEMDetail,dbo,RO_Combo,USER_TABLE,False
dbo,USP_RO_GETITEMDetail,dbo,ROI_ItemDetails,USER_TABLE,False
dbo,USP_RO_GETITEMDetail,dbo,ROI_ITEMMain,USER_TABLE,False
dbo,USP_RO_GETITEMDetail,dbo,ROI_ItemRate,USER_TABLE,False
dbo,USP_RO_getItemForApi,dbo,CostCenterInfo,USER_TABLE,False
dbo,USP_RO_getItemForApi,dbo,RO_Combo,USER_TABLE,False
dbo,USP_RO_getItemForApi,dbo,ROI_ItemDetails,USER_TABLE,False
dbo,USP_RO_getItemForApi,dbo,ROI_ITEMMain,USER_TABLE,False
dbo,USP_RO_getItemForApi,dbo,ROI_ItemRate,USER_TABLE,False
dbo,USP_RO_getItemForApi2,dbo,ROI_ItemDetails,USER_TABLE,False
dbo,USP_RO_getItemForApi2,dbo,ROI_ITEMMain,USER_TABLE,False
dbo,USP_RO_GETITEMforPagination,dbo,RO_Categories,USER_TABLE,False
dbo,USP_RO_GETITEMforPagination,dbo,RO_Items,USER_TABLE,False
dbo,USP_RO_GETITEMforPagination,dbo,RO_Units,USER_TABLE,False
dbo,USP_RO_GETITEMLIST,dbo,RO_Categories,USER_TABLE,False
dbo,USP_RO_GETITEMLIST,dbo,RO_Items,USER_TABLE,False
dbo,USP_RO_GETITEMLIST,dbo,RO_Menus,USER_TABLE,False
dbo,USP_RO_GETITEMLIST,dbo,RO_Units,USER_TABLE,False
dbo,USP_RO_getitemlistwithrate,dbo,ROI_ITEMMain,USER_TABLE,False
dbo,USP_RO_getitemlistwithrate,dbo,ROI_ItemRate,USER_TABLE,False
dbo,USP_RO_GETITEMRATEBYITEMNAME,dbo,ROI_ItemDetails,USER_TABLE,False
dbo,USP_RO_GETITEMRATEBYITEMNAME,dbo,ROI_ITEMMain,USER_TABLE,False
dbo,USP_RO_GETITEMRATEBYITEMNAME,dbo,ROI_ItemRate,USER_TABLE,False
dbo,USP_RO_GetItems,dbo,ROI_ItemDetails,USER_TABLE,False
dbo,USP_RO_GetItems,dbo,ROI_ITEMMain,USER_TABLE,False
dbo,USP_RO_GetItems,dbo,ROI_ItemRate,USER_TABLE,False
dbo,usp_ro_getmembershipInfo,dbo,RO_LoyaltyMembership,USER_TABLE,False
dbo,USP_RO_GETMENU,dbo,ROI_ItemDetails,USER_TABLE,False
dbo,USP_RO_GETMENU,dbo,ROI_ITEMMain,USER_TABLE,False
dbo,USP_RO_GetMergedTables,dbo,RO_MergeTable,USER_TABLE,False
dbo,USP_RO_GetMergedTables,dbo,RO_restroTable,USER_TABLE,False
dbo,USP_RO_getMixedPayReportByDates,dbo,RO_CompanyInfo,USER_TABLE,False
dbo,USP_RO_getMixedPayReportByDates,dbo,RO_fiscalYear,USER_TABLE,False
dbo,USP_RO_getMixedPayReportByDates,dbo,RO_GoodsReceivedDetls,USER_TABLE,False
dbo,USP_RO_getMixedPayReportByDates,dbo,RO_GoodsReceivedMain,USER_TABLE,False
dbo,USP_RO_getMixedPayReportByDates,dbo,RO_LoyaltyMembership,USER_TABLE,False
dbo,USP_RO_getMixedPayReportByDates,dbo,RO_MemberPay,USER_TABLE,False
dbo,USP_RO_getMixedPayReportByDates,dbo,RO_MemberPaymentMode,USER_TABLE,False
dbo,USP_RO_getMixedPayReportByDates,dbo,RO_PurchasePaymentMode,USER_TABLE,False
dbo,USP_RO_getMixedPayReportByDates,dbo,RO_SalesMaster,USER_TABLE,False
dbo,USP_RO_getMixedPayReportByDates,dbo,RO_SalesPaymentMode,USER_TABLE,False
dbo,usp_ro_getOccupiedRooms,dbo,RO_AdvancePaymentMode,USER_TABLE,False
dbo,usp_ro_getOccupiedRooms,dbo,RO_CardProvider,USER_TABLE,False
dbo,usp_ro_getOccupiedRooms,dbo,RO_Order_Detail,USER_TABLE,False
dbo,usp_ro_getOccupiedRooms,dbo,RO_OrderMasters,USER_TABLE,False
dbo,usp_ro_getOccupiedRooms,dbo,RO_PaymentModes,USER_TABLE,False
dbo,usp_ro_getOccupiedRooms,dbo,RO_RestroRoom,USER_TABLE,False
dbo,usp_ro_getOccupiedRooms,dbo,RO_restroTable,USER_TABLE,False
dbo,usp_ro_getOccupiedRooms,dbo,Ro_RoomBookings,USER_TABLE,False
dbo,USP_RO_GetOccupiedTable,dbo,RO_MergeTable,USER_TABLE,False
dbo,USP_RO_GetOccupiedTable,dbo,RO_Order_Detail,USER_TABLE,False
dbo,USP_RO_GetOccupiedTable,dbo,RO_OrderMasters,USER_TABLE,False
dbo,USP_RO_GetOccupiedTable,dbo,RO_RestroRoom,USER_TABLE,False
dbo,USP_RO_GetOccupiedTable,dbo,RO_restroTable,USER_TABLE,False
dbo,USP_RO_GetOccupiedTable,dbo,Ro_RoomBookings,USER_TABLE,False
dbo,USP_RO_GetOccupiedTables,dbo,RO_MergeTable,USER_TABLE,False
dbo,USP_RO_GetOccupiedTables,dbo,RO_Order_Detail,USER_TABLE,False
dbo,USP_RO_GetOccupiedTables,dbo,RO_OrderMasters,USER_TABLE,False
dbo,USP_RO_GetOccupiedTables,dbo,RO_OrderToken,USER_TABLE,False
dbo,USP_RO_GetOccupiedTables,dbo,RO_RestroRoom,USER_TABLE,False
dbo,USP_RO_GetOccupiedTables,dbo,RO_restroTable,USER_TABLE,False
dbo,USP_RO_GetOccupiedTables_backup,dbo,fn_getMaxMasterId,SQL_SCALAR_FUNCTION,True
dbo,USP_RO_GetOccupiedTables_backup,dbo,RO_MergeTable,USER_TABLE,False
dbo,USP_RO_GetOccupiedTables_backup,dbo,RO_Order_Detail,USER_TABLE,False
dbo,USP_RO_GetOccupiedTables_backup,dbo,RO_OrderMasters,USER_TABLE,False
dbo,USP_RO_GetOccupiedTables_backup,dbo,RO_RestroRoom,USER_TABLE,False
dbo,USP_RO_GetOccupiedTables_backup,dbo,RO_restroTable,USER_TABLE,False
dbo,USP_RO_GetOccupieRooms,dbo,RO_OrderMasters,USER_TABLE,False
dbo,USP_RO_GetOccupieRooms,dbo,RO_RestroRoom,USER_TABLE,False
dbo,USP_RO_GetOrderDeliveryList,dbo,RO_LoyaltyMembership,USER_TABLE,False
dbo,USP_RO_GetOrderDeliveryList,dbo,RO_OrderMasters,USER_TABLE,False
dbo,USP_RO_GetOrderDeliveryList,dbo,RO_OrderToken,USER_TABLE,False
dbo,USP_RO_GETORDERDETAIL,dbo,CostCenterInfo,USER_TABLE,False
dbo,USP_RO_GETORDERDETAIL,dbo,RO_Combo,USER_TABLE,False
dbo,USP_RO_GETORDERDETAIL,dbo,RO_CostCenterGroup,USER_TABLE,False
dbo,USP_RO_GETORDERDETAIL,dbo,RO_ItemStatus,USER_TABLE,False
dbo,USP_RO_GETORDERDETAIL,dbo,RO_Order_Detail,USER_TABLE,False
dbo,USP_RO_GETORDERDETAIL,dbo,RO_OrderItemStatus,USER_TABLE,False
dbo,USP_RO_GETORDERDETAIL,dbo,RO_OrderMasters,USER_TABLE,False
dbo,USP_RO_GETORDERDETAIL,dbo,ROI_ITEMMain,USER_TABLE,False
dbo,USP_RO_GETORDERDETAIL_backup,dbo,RO_Combo,USER_TABLE,False
dbo,USP_RO_GETORDERDETAIL_backup,dbo,RO_ItemStatus,USER_TABLE,False
dbo,USP_RO_GETORDERDETAIL_backup,dbo,RO_Order_Detail,USER_TABLE,False
dbo,USP_RO_GETORDERDETAIL_backup,dbo,RO_OrderItemStatus,USER_TABLE,False
dbo,USP_RO_GETORDERDETAIL_backup,dbo,RO_OrderMasters,USER_TABLE,False
dbo,USP_RO_GETORDERDETAIL_backup,dbo,ROI_ITEMMain,USER_TABLE,False
dbo,USP_RO_getOrderDetailByBillNo,dbo,RO_Combo,USER_TABLE,False
dbo,USP_RO_getOrderDetailByBillNo,dbo,RO_MergeTable,USER_TABLE,False
dbo,USP_RO_getOrderDetailByBillNo,dbo,RO_Order_Detail,USER_TABLE,False
dbo,USP_RO_getOrderDetailByBillNo,dbo,RO_OrderMasters,USER_TABLE,False
dbo,USP_RO_getOrderDetailByBillNo,dbo,RO_RestroRoom,USER_TABLE,False
dbo,USP_RO_getOrderDetailByBillNo,dbo,RO_restroTable,USER_TABLE,False
dbo,USP_RO_getOrderDetailByBillNo,dbo,ROI_ItemDetails,USER_TABLE,False
dbo,USP_RO_getOrderDetailByBillNo,dbo,ROI_ITEMMain,USER_TABLE,False
dbo,USP_RO_getOrderDetailByBillNo,dbo,ROI_ItemRate,USER_TABLE,False
dbo,USP_RO_getOrderDetailByOrderMaster,dbo,CostCenterInfo,USER_TABLE,False
dbo,USP_RO_getOrderDetailByOrderMaster,dbo,RO_Combo,USER_TABLE,False
dbo,USP_RO_getOrderDetailByOrderMaster,dbo,RO_CostCenterGroup,USER_TABLE,False
dbo,USP_RO_getOrderDetailByOrderMaster,dbo,RO_MergeTable,USER_TABLE,False
dbo,USP_RO_getOrderDetailByOrderMaster,dbo,RO_Order_Detail,USER_TABLE,False
dbo,USP_RO_getOrderDetailByOrderMaster,dbo,RO_OrderMasters,USER_TABLE,False
dbo,USP_RO_getOrderDetailByOrderMaster,dbo,RO_OrderToken,USER_TABLE,False
dbo,USP_RO_getOrderDetailByOrderMaster,dbo,RO_RestroRoom,USER_TABLE,False
dbo,USP_RO_getOrderDetailByOrderMaster,dbo,RO_restroTable,USER_TABLE,False
dbo,USP_RO_getOrderDetailByOrderMaster,dbo,ROI_ItemDetails,USER_TABLE,False
dbo,USP_RO_getOrderDetailByOrderMaster,dbo,ROI_ITEMMain,USER_TABLE,False
dbo,USP_RO_getOrderDetailByOrderMaster,dbo,ROI_ItemRate,USER_TABLE,False
dbo,USP_RO_getOrderDetailByOrderMaster_bkup,dbo,RO_Combo,USER_TABLE,False
dbo,USP_RO_getOrderDetailByOrderMaster_bkup,dbo,RO_MergeTable,USER_TABLE,False
dbo,USP_RO_getOrderDetailByOrderMaster_bkup,dbo,RO_Order_Detail,USER_TABLE,False
dbo,USP_RO_getOrderDetailByOrderMaster_bkup,dbo,RO_OrderMasters,USER_TABLE,False
dbo,USP_RO_getOrderDetailByOrderMaster_bkup,dbo,RO_RestroRoom,USER_TABLE,False
dbo,USP_RO_getOrderDetailByOrderMaster_bkup,dbo,RO_restroTable,USER_TABLE,False
dbo,USP_RO_getOrderDetailByOrderMaster_bkup,dbo,ROI_ItemDetails,USER_TABLE,False
dbo,USP_RO_getOrderDetailByOrderMaster_bkup,dbo,ROI_ITEMMain,USER_TABLE,False
dbo,USP_RO_getOrderDetailByOrderMaster_bkup,dbo,ROI_ItemRate,USER_TABLE,False
dbo,usp_ro_getOrderDetailByOrderMasterID,dbo,RO_Combo,USER_TABLE,False
dbo,usp_ro_getOrderDetailByOrderMasterID,dbo,RO_Order_Detail,USER_TABLE,False
dbo,usp_ro_getOrderDetailByOrderMasterID,dbo,RO_OrderItemStatus,USER_TABLE,False
dbo,usp_ro_getOrderDetailByOrderMasterID,dbo,RO_OrderMasters,USER_TABLE,False
dbo,usp_ro_getOrderDetailByOrderMasterID,dbo,ROI_ITEMMain,USER_TABLE,False
dbo,usp_ro_getOrderDetailByTableID,dbo,RO_Combo,USER_TABLE,False
dbo,usp_ro_getOrderDetailByTableID,dbo,RO_Order_Detail,USER_TABLE,False
dbo,usp_ro_getOrderDetailByTableID,dbo,RO_OrderItemStatus,USER_TABLE,False
dbo,usp_ro_getOrderDetailByTableID,dbo,RO_OrderMasters,USER_TABLE,False
dbo,usp_ro_getOrderDetailByTableID,dbo,ROI_ITEMMain,USER_TABLE,False
dbo,usp_ro_getOrderDetailsAll,dbo,CostCenterInfo,USER_TABLE,False
dbo,usp_ro_getOrderDetailsAll,dbo,RO_Combo,USER_TABLE,False
dbo,usp_ro_getOrderDetailsAll,dbo,RO_Order_Detail,USER_TABLE,False
dbo,usp_ro_getOrderDetailsAll,dbo,RO_OrderMasters,USER_TABLE,False
dbo,usp_ro_getOrderDetailsAll,dbo,RO_restroTable,USER_TABLE,False
dbo,usp_ro_getOrderDetailsAll,dbo,ROI_ITEMMain,USER_TABLE,False
dbo,usp_ro_getOrderDetailsSummary,dbo,CostCenterInfo,USER_TABLE,False
dbo,usp_ro_getOrderDetailsSummary,dbo,RO_Combo,USER_TABLE,False
dbo,usp_ro_getOrderDetailsSummary,dbo,RO_Order_Detail,USER_TABLE,False
dbo,usp_ro_getOrderDetailsSummary,dbo,RO_OrderMasters,USER_TABLE,False
dbo,usp_ro_getOrderDetailsSummary,dbo,RO_restroTable,USER_TABLE,False
dbo,usp_ro_getOrderDetailsSummary,dbo,ROI_ITEMMain,USER_TABLE,False
dbo,USP_RO_GETORDERDETAILWITHSTATUS,dbo,fn_getMaxStatusId,SQL_SCALAR_FUNCTION,False
dbo,USP_RO_GETORDERDETAILWITHSTATUS,dbo,RO_ItemStatus,USER_TABLE,False
dbo,USP_RO_GETORDERDETAILWITHSTATUS,dbo,RO_OrderItemStatus,USER_TABLE,False
dbo,usp_ro_GetOrderedExtraItemByOrderMaster,dbo,RO_ItemStatus,USER_TABLE,False
dbo,usp_ro_GetOrderedExtraItemByOrderMaster,dbo,RO_Order_Detail,USER_TABLE,False
dbo,usp_ro_GetOrderedExtraItemByOrderMaster,dbo,RO_Order_ExtraItem,USER_TABLE,False
dbo,usp_ro_GetOrderedExtraItemByOrderMaster,dbo,RO_OrderItemStatus,USER_TABLE,False
dbo,USP_RO_GETORDERMASTER,dbo,fn_getMaxMasterId,SQL_SCALAR_FUNCTION,False
dbo,USP_RO_GETORDERMASTER,dbo,RO_CompanyInfo,USER_TABLE,False
dbo,USP_RO_GETORDERMASTER,dbo,RO_Order_Detail,USER_TABLE,False
dbo,USP_RO_GETORDERMASTER,dbo,RO_OrderMasters,USER_TABLE,False
dbo,USP_RO_GETORDERMASTER,dbo,ROI_ITEMMain,USER_TABLE,False
dbo,USP_RO_GETORDERMASTERForRoom,dbo,RO_CompanyInfo,USER_TABLE,False
dbo,USP_RO_GETORDERMASTERForRoom,dbo,RO_Order_Detail,USER_TABLE,False
dbo,USP_RO_GETORDERMASTERForRoom,dbo,RO_OrderMasters,USER_TABLE,False
dbo,USP_RO_GETORDERMASTERForRoom,dbo,ROI_ITEMMain,USER_TABLE,False
dbo,USP_RO_GETORDERMASTERFORSPLIT,dbo,fn_getMaxMasterId,SQL_SCALAR_FUNCTION,False
dbo,USP_RO_GETORDERMASTERFORSPLIT,dbo,RO_CompanyInfo,USER_TABLE,False
dbo,USP_RO_GETORDERMASTERFORSPLIT,dbo,RO_Order_Detail,USER_TABLE,False
dbo,USP_RO_GETORDERMASTERFORSPLIT,dbo,RO_OrderMasters,USER_TABLE,False
dbo,USP_RO_GETORDERMASTERFORSPLIT,dbo,ROI_ITEMMain,USER_TABLE,False
dbo,USP_RO_GetOrderNobyOrdermasterID,dbo,RO_Order_Detail,USER_TABLE,False
dbo,usp_ro_GetPaymentModes,dbo,RO_PaymentModes,USER_TABLE,False
dbo,usp_ro_getpickdata,dbo,RO_Combo,USER_TABLE,False
dbo,usp_ro_getpickdata,dbo,RO_Order_Detail,USER_TABLE,False
dbo,usp_ro_getpickdata,dbo,RO_OrderMasters,USER_TABLE,False
dbo,usp_ro_getpickdata,dbo,RO_RestroRoom,USER_TABLE,False
dbo,usp_ro_getpickdata,dbo,RO_restroTable,USER_TABLE,False
dbo,usp_ro_getpickdata,dbo,ROI_ItemDetails,USER_TABLE,False
dbo,usp_ro_getpickdata,dbo,ROI_ITEMMain,USER_TABLE,False
dbo,usp_ro_getpickdataforprint,dbo,RO_Combo,USER_TABLE,False
dbo,usp_ro_getpickdataforprint,dbo,RO_fiscalYear,USER_TABLE,False
dbo,usp_ro_getpickdataforprint,dbo,RO_OrderMasters,USER_TABLE,False
dbo,usp_ro_getpickdataforprint,dbo,RO_restroTable,USER_TABLE,False
dbo,usp_ro_getpickdataforprint,dbo,RO_SalesDetail,USER_TABLE,False
dbo,usp_ro_getpickdataforprint,dbo,RO_SalesMaster,USER_TABLE,False
dbo,usp_ro_getpickdataforprint,dbo,ROI_ITEMMain,USER_TABLE,False
dbo,usp_ro_getpickdataforprintFORQUICK,dbo,RO_Order_Detail,USER_TABLE,False
dbo,usp_ro_getpickdataforprintFORQUICK,dbo,RO_OrderMasters,USER_TABLE,False
dbo,usp_ro_getpickdataforprintFORQUICK,dbo,RO_RestroRoom,USER_TABLE,False
dbo,usp_ro_getpickdataforprintFORQUICK,dbo,RO_restroTable,USER_TABLE,False
dbo,usp_ro_getpickdataforprintFORQUICK,dbo,RO_SalesMaster,USER_TABLE,False
dbo,usp_ro_getpickdataforprintFORQUICK,dbo,ROI_ItemDetails,USER_TABLE,False
dbo,usp_ro_getpickdataforprintFORQUICK,dbo,ROI_ITEMMain,USER_TABLE,False
dbo,usp_ro_getpickdataforprintFORQUICK,dbo,ROI_ItemRate,USER_TABLE,False
dbo,usp_ro_getPinSettings,dbo,aspnet_Roles,USER_TABLE,False
dbo,usp_ro_getPinSettings,dbo,RO_PinSetting,USER_TABLE,False
dbo,USP_RO_GetPreviousItemByID,dbo,fn_getMaxMasterId,SQL_SCALAR_FUNCTION,False
dbo,USP_RO_GetPreviousItemByID,dbo,RO_Combo,USER_TABLE,False
dbo,USP_RO_GetPreviousItemByID,dbo,RO_ItemStatus,USER_TABLE,False
dbo,USP_RO_GetPreviousItemByID,dbo,RO_Order_Detail,USER_TABLE,False
dbo,USP_RO_GetPreviousItemByID,dbo,RO_OrderItemStatus,USER_TABLE,False
dbo,USP_RO_GetPreviousItemByID,dbo,RO_OrderMasters,USER_TABLE,False
dbo,USP_RO_GetPreviousItemByID,dbo,RO_OrderToken,USER_TABLE,False
dbo,USP_RO_GetPreviousItemByID,dbo,ROI_ItemDetails,USER_TABLE,False
dbo,USP_RO_GetPreviousItemByID,dbo,ROI_ITEMMain,USER_TABLE,False
dbo,USP_RO_GetPreviousItemByID,dbo,ROI_ItemRate,USER_TABLE,False
dbo,usp_ro_GetPreviousItemByOrderMasterId,dbo,RO_Combo,USER_TABLE,False
dbo,usp_ro_GetPreviousItemByOrderMasterId,dbo,RO_ItemStatus,USER_TABLE,False
dbo,usp_ro_GetPreviousItemByOrderMasterId,dbo,RO_Order_Detail,USER_TABLE,False
dbo,usp_ro_GetPreviousItemByOrderMasterId,dbo,RO_OrderItemStatus,USER_TABLE,False
dbo,usp_ro_GetPreviousItemByOrderMasterId,dbo,RO_OrderMasters,USER_TABLE,False
dbo,usp_ro_GetPreviousItemByOrderMasterId,dbo,RO_OrderToken,USER_TABLE,False
dbo,usp_ro_GetPreviousItemByOrderMasterId,dbo,ROI_ITEMMain,USER_TABLE,False
dbo,USP_RO_GETPREVIOUSITEMBYROOMID,dbo,fn_getMaxMasterIdByRoom,SQL_SCALAR_FUNCTION,False
dbo,USP_RO_GETPREVIOUSITEMBYROOMID,dbo,RO_Items,USER_TABLE,False
dbo,USP_RO_GETPREVIOUSITEMBYROOMID,dbo,RO_Order_Detail,USER_TABLE,False
dbo,USP_RO_GETPREVIOUSITEMBYROOMID,dbo,RO_OrderMasters,USER_TABLE,False
dbo,usp_ro_getPrintedDetailByBillNo,dbo,PrintDetail,USER_TABLE,False
dbo,usp_ro_getProviderForCloseDay,dbo,CBMS_BillPostLog,USER_TABLE,False
dbo,usp_ro_getProviderForCloseDay,dbo,DailyFinancialReport,USER_TABLE,False
dbo,usp_ro_getProviderForCloseDay,dbo,RO_AdvancePaymentMode,USER_TABLE,False
dbo,usp_ro_getProviderForCloseDay,dbo,RO_CardProvider,USER_TABLE,False
dbo,usp_ro_getProviderForCloseDay,dbo,RO_MemberPay,USER_TABLE,False
dbo,usp_ro_getProviderForCloseDay,dbo,RO_MemberPaymentMode,USER_TABLE,False
dbo,usp_ro_getProviderForCloseDay,dbo,RO_OrderMasters,USER_TABLE,False
dbo,usp_ro_getProviderForCloseDay,dbo,RO_PaymentModes,USER_TABLE,False
dbo,usp_ro_getProviderForCloseDay,dbo,Ro_RoomBookings,USER_TABLE,False
dbo,usp_ro_getProviderForCloseDay,dbo,RO_SalesMaster,USER_TABLE,False
dbo,usp_ro_getProviderForCloseDay,dbo,RO_SalesPaymentMode,USER_TABLE,False
dbo,USP_RO_GETRESTROROOM,dbo,RO_RestroRoom,USER_TABLE,False
dbo,USP_RO_GETRESTROROOMBYID,dbo,RO_RestroRoom,USER_TABLE,False
dbo,USP_RO_GETRESTROTABLE,dbo,RO_restroTable,USER_TABLE,False
dbo,USP_RO_GETRESTROTABLEBYID,dbo,RO_restroTable,USER_TABLE,False
dbo,usp_ro_GetReturnedSalesBook,dbo,CBMS_BillReturnPostLog,USER_TABLE,False
dbo,usp_ro_getRONumberByFiscalYear,dbo,RO_fiscalYear,USER_TABLE,False
dbo,usp_ro_getRoomBookingInfoByOrderMasterID,dbo,RO_LoyaltyMembership,USER_TABLE,False
dbo,usp_ro_getRoomBookingInfoByOrderMasterID,dbo,RO_OrderMasters,USER_TABLE,False
dbo,usp_ro_getRoomBookingInfoByOrderMasterID,dbo,RO_restroTable,USER_TABLE,False
dbo,usp_ro_getRoomBookingInfoByOrderMasterID,dbo,Ro_RoomBookings,USER_TABLE,False
dbo,usp_ro_getRoomBookingInfoyBillNo,dbo,RO_LoyaltyMembership,USER_TABLE,False
dbo,usp_ro_getRoomBookingInfoyBillNo,dbo,RO_OrderMasters,USER_TABLE,False
dbo,usp_ro_getRoomBookingInfoyBillNo,dbo,RO_restroTable,USER_TABLE,False
dbo,usp_ro_getRoomBookingInfoyBillNo,dbo,Ro_RoomBookings,USER_TABLE,False
dbo,USP_RO_GetRoomBookingsByRoomId,dbo,RO_OrderMasters,USER_TABLE,False
dbo,USP_RO_GetRoomBookingsByRoomId,dbo,RO_restroTable,USER_TABLE,False
dbo,USP_RO_GetRoomBookingsByRoomId,dbo,Ro_RoomBookings,USER_TABLE,False
dbo,USP_RO_GETROOMBYTABLE,dbo,RO_RestroRoom,USER_TABLE,False
dbo,USP_RO_GETROOMBYTABLE,dbo,RO_restroTable,USER_TABLE,False
dbo,USP_RO_GETROOMDATAFORMENU,dbo,fn_getMaxMasterIdByRoom,SQL_SCALAR_FUNCTION,False
dbo,USP_RO_GETROOMDATAFORMENU,dbo,RO_Items,USER_TABLE,False
dbo,USP_RO_GETROOMDATAFORMENU,dbo,RO_Order_Detail,USER_TABLE,False
dbo,USP_RO_GETROOMDATAFORMENU,dbo,RO_OrderMasters,USER_TABLE,False
dbo,USP_RO_GETROOMDATAFORMENU,dbo,RO_RestroRoom,USER_TABLE,False
dbo,USP_RO_GetRoomListByRoomTypeId,dbo,RO_RestroRoom,USER_TABLE,False
dbo,USP_RO_GetRoomListByRoomTypeId,dbo,Ro_RoomType,USER_TABLE,False
dbo,USP_RO_GETROOMTYPE,dbo,Ro_RoomType,USER_TABLE,False
dbo,USP_RO_GETROOMTYPEByID,dbo,Ro_RoomType,USER_TABLE,False
dbo,usp_ro_GetSalesBook,dbo,CBMS_BillPostLog,USER_TABLE,False
dbo,usp_ro_GetSalesBook,dbo,RO_PaymentModes,USER_TABLE,False
dbo,usp_ro_GetSalesBook,dbo,RO_SalesPaymentMode,USER_TABLE,False
dbo,usp_ro_GetSalesBook,dbo,ufn_getsalesbillquantity,SQL_SCALAR_FUNCTION,True
dbo,usp_ro_getSalesDetailsByDate,dbo,CostCenterInfo,USER_TABLE,False
dbo,usp_ro_getSalesDetailsByDate,dbo,RO_Combo,USER_TABLE,False
dbo,usp_ro_getSalesDetailsByDate,dbo,RO_SalesDetail,USER_TABLE,False
dbo,usp_ro_getSalesDetailsByDate,dbo,RO_SalesMaster,USER_TABLE,False
dbo,usp_ro_getSalesDetailsByDate,dbo,ROI_ITEMMain,USER_TABLE,False
dbo,USP_RO_GetSalesMasterDtls,dbo,RO_SalesMaster,USER_TABLE,False
dbo,usp_ro_GetSalesPayMode,dbo,RO_SalesMaster,USER_TABLE,False
dbo,USP_RO_GetSalesSummary,dbo,RO_Order_Detail,USER_TABLE,False
dbo,USP_RO_GetSalesSummary,dbo,RO_OrderMasters,USER_TABLE,False
dbo,USP_RO_GetSalesSummary,dbo,ROI_ItemDetails,USER_TABLE,False
dbo,USP_RO_GetSalesSummary,dbo,ROI_ITEMMain,USER_TABLE,False
dbo,USP_RO_GetSalesSummary,dbo,ROI_Unit1,USER_TABLE,False
dbo,USP_RO_GetShiftItemReport,dbo,RO_ItemShiftLog,USER_TABLE,False
dbo,USP_RO_GetShiftItemReport,dbo,RO_restroTable,USER_TABLE,False
dbo,USP_RO_GetShiftItemReport,dbo,ROI_ITEMMain,USER_TABLE,False
dbo,USP_RO_GETTABLEBYROOM,dbo,RO_MergeTable,USER_TABLE,False
dbo,USP_RO_GETTABLEBYROOM,dbo,RO_OrderMasters,USER_TABLE,False
dbo,USP_RO_GETTABLEBYROOM,dbo,RO_RestroRoom,USER_TABLE,False
dbo,USP_RO_GETTABLEBYROOM,dbo,RO_restroTable,USER_TABLE,False
dbo,USP_RO_GETTABLEBYROOM,dbo,Ro_RoomBookings,USER_TABLE,False
dbo,USP_RO_GetTableByRoomTypeId,dbo,RO_MergeTable,USER_TABLE,False
dbo,USP_RO_GetTableByRoomTypeId,dbo,RO_Order_Detail,USER_TABLE,False
dbo,USP_RO_GetTableByRoomTypeId,dbo,RO_OrderMasters,USER_TABLE,False
dbo,USP_RO_GetTableByRoomTypeId,dbo,RO_RestroRoom,USER_TABLE,False
dbo,USP_RO_GetTableByRoomTypeId,dbo,RO_restroTable,USER_TABLE,False
dbo,USP_RO_GetTableByRoomTypeId,dbo,Ro_RoomBookings,USER_TABLE,False
dbo,USP_RO_GetTableByRoomTypeId_backup,dbo,RO_MergeTable,USER_TABLE,False
dbo,USP_RO_GetTableByRoomTypeId_backup,dbo,RO_Order_Detail,USER_TABLE,False
dbo,USP_RO_GetTableByRoomTypeId_backup,dbo,RO_OrderMasters,USER_TABLE,False
dbo,USP_RO_GetTableByRoomTypeId_backup,dbo,RO_RestroRoom,USER_TABLE,False
dbo,USP_RO_GetTableByRoomTypeId_backup,dbo,RO_restroTable,USER_TABLE,False
dbo,USP_RO_GetTableByRoomTypeId_backup,dbo,Ro_RoomBookings,USER_TABLE,False
dbo,USP_RO_GetTableByRoomTypeIdWeb,dbo,RO_MergeTable,USER_TABLE,False
dbo,USP_RO_GetTableByRoomTypeIdWeb,dbo,RO_OrderMasters,USER_TABLE,False
dbo,USP_RO_GetTableByRoomTypeIdWeb,dbo,RO_RestroRoom,USER_TABLE,False
dbo,USP_RO_GetTableByRoomTypeIdWeb,dbo,RO_restroTable,USER_TABLE,False
dbo,USP_RO_GetTableByRoomTypeIdWeb,dbo,Ro_RoomBookings,USER_TABLE,False
dbo,USP_RO_GetTableByRoomTypeIdWeb,dbo,RO_SalesMaster,USER_TABLE,False
dbo,USP_RO_GettabledataById,dbo,fn_getMaxMasterId,SQL_SCALAR_FUNCTION,False
dbo,USP_RO_GettabledataById,dbo,RO_Combo,USER_TABLE,False
dbo,USP_RO_GettabledataById,dbo,RO_Order_Detail,USER_TABLE,False
dbo,USP_RO_GettabledataById,dbo,RO_OrderMasters,USER_TABLE,False
dbo,USP_RO_GettabledataById,dbo,RO_restroTable,USER_TABLE,False
dbo,USP_RO_GettabledataById,dbo,ROI_ItemDetails,USER_TABLE,False
dbo,USP_RO_GettabledataById,dbo,ROI_ITEMMain,USER_TABLE,False
dbo,USP_RO_GettabledataById,dbo,ROI_ItemRate,USER_TABLE,False
dbo,USP_RO_GettabledataByIdforMenu,dbo,fn_getMaxMasterId,SQL_SCALAR_FUNCTION,False
dbo,USP_RO_GettabledataByIdforMenu,dbo,RO_Combo,USER_TABLE,False
dbo,USP_RO_GettabledataByIdforMenu,dbo,RO_MergeTable,USER_TABLE,False
dbo,USP_RO_GettabledataByIdforMenu,dbo,RO_Order_Detail,USER_TABLE,False
dbo,USP_RO_GettabledataByIdforMenu,dbo,RO_OrderMasters,USER_TABLE,False
dbo,USP_RO_GettabledataByIdforMenu,dbo,RO_restroTable,USER_TABLE,False
dbo,USP_RO_GettabledataByIdforMenu,dbo,ROI_ITEMMain,USER_TABLE,False
dbo,USP_RO_GettabledataByIdforMenu,dbo,ROI_ItemRate,USER_TABLE,False
dbo,USP_RO_Gettabledataforshift,dbo,fn_getMaxMasterId,SQL_SCALAR_FUNCTION,True
dbo,USP_RO_Gettabledataforshift,dbo,RO_MergeTable,USER_TABLE,False
dbo,USP_RO_Gettabledataforshift,dbo,RO_OrderMasters,USER_TABLE,False
dbo,USP_RO_Gettabledataforshift,dbo,RO_restroTable,USER_TABLE,False
dbo,usp_ro_getTableInfo,dbo,RO_OrderMasters,USER_TABLE,False
dbo,usp_ro_getTableInfo,dbo,RO_restroTable,USER_TABLE,False
dbo,usp_ro_getTableInfo,dbo,Ro_RoomBookings,USER_TABLE,False
dbo,USP_RO_GETTABLENAME,dbo,fn_getMaxMasterId,SQL_SCALAR_FUNCTION,True
dbo,USP_RO_GETTABLENAME,dbo,RO_OrderMasters,USER_TABLE,False
dbo,USP_RO_GETTableORDER,dbo,RO_Order_Detail,USER_TABLE,False
dbo,USP_RO_GETTableORDER,dbo,RO_OrderMasters,USER_TABLE,False
dbo,USP_RO_GETTableORDER,dbo,RO_RestroRoom,USER_TABLE,False
dbo,USP_RO_GETTableORDER,dbo,RO_restroTable,USER_TABLE,False
dbo,usp_ro_getTablesDataWithCurrentSplitNo,dbo,RO_MergeTable,USER_TABLE,False
dbo,usp_ro_getTablesDataWithCurrentSplitNo,dbo,RO_OrderMasters,USER_TABLE,False
dbo,usp_ro_getTablesDataWithCurrentSplitNo,dbo,RO_restroTable,USER_TABLE,False
dbo,USP_RO_GetTakeAwayOrders,dbo,RO_OrderMasters,USER_TABLE,False
dbo,USP_RO_GetTakeAwayOrders,dbo,RO_OrderToken,USER_TABLE,False
dbo,usp_ro_getTargetSales,dbo,RO_SalesMaster,USER_TABLE,False
dbo,usp_ro_getTargetSalesItem,dbo,CostCenterInfo,USER_TABLE,False
dbo,usp_ro_getTargetSalesItem,dbo,RO_SalesDetail,USER_TABLE,False
dbo,usp_ro_getTargetSalesItem,dbo,RO_SalesMaster,USER_TABLE,False
dbo,usp_ro_getTargetSalesItem,dbo,ROI_ItemDetails,USER_TABLE,False
dbo,usp_ro_getTargetSalesItem,dbo,ROI_ITEMMain,USER_TABLE,False
dbo,USP_RO_getTodayFiscalYr,dbo,RO_fiscalYear,USER_TABLE,False
dbo,USP_RO_getUNameNpwdByPIN,dbo,aspnet_Membership,USER_TABLE,False
dbo,USP_RO_getUNameNpwdByPIN,dbo,PortalUser,USER_TABLE,False
dbo,USP_RO_GETUNIT,dbo,RO_Units,USER_TABLE,False
dbo,USP_RO_GETUNITBYITEM,dbo,RO_Units,USER_TABLE,False
dbo,usp_ro_GetUnpaidBills,dbo,RO_CompanyInfo,USER_TABLE,False
dbo,usp_ro_GetUnpaidBills,dbo,RO_fiscalYear,USER_TABLE,False
dbo,usp_ro_GetUnpaidBills,dbo,RO_OrderMasters,USER_TABLE,False
dbo,usp_ro_GetUnpaidBills,dbo,RO_RestroRoom,USER_TABLE,False
dbo,usp_ro_GetUnpaidBills,dbo,RO_restroTable,USER_TABLE,False
dbo,usp_ro_GetUnpaidBills,dbo,RO_SalesMaster,USER_TABLE,False
dbo,USP_RO_GETUpcomingCUMBO,dbo,RO_Combo,USER_TABLE,False
dbo,usp_ro_GetUsedBillingTerm,dbo,RO_BillingAmount,USER_TABLE,False
dbo,usp_ro_GetUsedBillingTerm,dbo,RO_BillTerm,USER_TABLE,False
dbo,usp_ro_GetUsedBillingTerm,dbo,RO_SalesMaster,USER_TABLE,False
dbo,usp_ro_getUserRoles,dbo,aspnet_Roles,USER_TABLE,False
dbo,usp_ro_getUserRoles,dbo,aspnet_UsersInRoles,USER_TABLE,False
dbo,usp_ro_getUserRoles,dbo,PortalUser,USER_TABLE,False
dbo,USP_RO_GetUsersDetail,dbo,aspnet_Roles,USER_TABLE,False
dbo,USP_RO_GetUsersDetail,dbo,aspnet_Users,USER_TABLE,False
dbo,USP_RO_GetUsersDetail,dbo,aspnet_UsersInRoles,USER_TABLE,False
dbo,USP_RO_GetViewBill,dbo,RO_Combo,USER_TABLE,False
dbo,USP_RO_GetViewBill,dbo,RO_fiscalYear,USER_TABLE,False
dbo,USP_RO_GetViewBill,dbo,RO_restroTable,USER_TABLE,False
dbo,USP_RO_GetViewBill,dbo,RO_SalesDetail,USER_TABLE,False
dbo,USP_RO_GetViewBill,dbo,RO_SalesMaster,USER_TABLE,False
dbo,USP_RO_GetViewBill,dbo,ROI_ITEMMain,USER_TABLE,False
dbo,USP_RO_GETWORD,dbo,fNumToWords,SQL_SCALAR_FUNCTION,False
dbo,usp_RO_ItemDailyProfit,dbo,fn_GetConversion,SQL_SCALAR_FUNCTION,True
dbo,usp_RO_ItemDailyProfit,dbo,RO_GoodsReceivedDetls,USER_TABLE,False
dbo,usp_RO_ItemDailyProfit,dbo,Ro_Ingredient,USER_TABLE,False
dbo,usp_RO_ItemDailyProfit,dbo,RO_SalesDetail,USER_TABLE,False
dbo,usp_RO_ItemDailyProfit,dbo,RO_SalesMaster,USER_TABLE,False
dbo,usp_RO_ItemDailyProfit,dbo,ROI_ItemDetails,USER_TABLE,False
dbo,usp_RO_ItemDailyProfit,dbo,ROI_ITEMMain,USER_TABLE,False
dbo,usp_RO_ItemDailyProfit,dbo,ROI_ItemRate,USER_TABLE,False
dbo,usp_RO_ItemDailyProfit,dbo,ROI_PurchaseDetails,USER_TABLE,False
dbo,usp_RO_ItemDailyProfit,dbo,ROI_Unit1,USER_TABLE,False
dbo,USP_RO_ITEMDELETE,dbo,RO_Items,USER_TABLE,False
dbo,USP_RO_ITEMSALESREPORT,dbo,CostCenterInfo,USER_TABLE,False
dbo,USP_RO_ITEMSALESREPORT,dbo,RO_Combo,USER_TABLE,False
dbo,USP_RO_ITEMSALESREPORT,dbo,RO_SalesDetail,USER_TABLE,False
dbo,USP_RO_ITEMSALESREPORT,dbo,RO_SalesMaster,USER_TABLE,False
dbo,USP_RO_ITEMSALESREPORT,dbo,ROI_ItemDetails,USER_TABLE,False
dbo,USP_RO_ITEMSALESREPORT,dbo,ROI_ITEMMain,USER_TABLE,False
dbo,USP_RO_ITEMSALESREPORT,dbo,ROI_Unit1,USER_TABLE,False
dbo,USP_RO_ITEMSAVE,dbo,RO_Items,USER_TABLE,False
dbo,usp_ro_listpickorder,dbo,RO_Combo,USER_TABLE,False
dbo,usp_ro_listpickorder,dbo,RO_Order_Detail,USER_TABLE,False
dbo,usp_ro_listpickorder,dbo,RO_OrderMasters,USER_TABLE,False
dbo,usp_ro_listpickorder,dbo,ROI_ITEMMain,USER_TABLE,False
dbo,usp_ro_listpickorder,dbo,tbl_CusOrder,USER_TABLE,False
dbo,usp_RO_LoggedInUser,dbo,Users,USER_TABLE,False
dbo,usp_RO_LoggoutUser,dbo,Users,USER_TABLE,False
dbo,usp_RO_LoggoutUser,dbo,WaiterNotificationLog,USER_TABLE,False
dbo,USP_RO_MENUDELETE,dbo,RO_Menus,USER_TABLE,False
dbo,USP_RO_MENUSAVE,dbo,RO_Menus,USER_TABLE,False
dbo,USP_RO_Merge_Occupied_Orders,dbo,RO_Order_Detail,USER_TABLE,False
dbo,USP_RO_Merge_Occupied_Orders,dbo,RO_OrderMasters,USER_TABLE,False
dbo,USP_RO_Merge_Occupied_Orders,dbo,RO_restroTable,USER_TABLE,False
dbo,USP_RO_Merge_Occupied_Orders,dbo,split_string,SQL_TABLE_VALUED_FUNCTION,False
dbo,usp_RO_MonthlyClosingSalesDetailStatement,dbo,CBMS_BillPostLog,USER_TABLE,False
dbo,usp_RO_MonthlyClosingSalesDetailStatement,dbo,CostCenterInfo,USER_TABLE,False
dbo,usp_RO_MonthlyClosingSalesDetailStatement,dbo,RO_Combo,USER_TABLE,False
dbo,usp_RO_MonthlyClosingSalesDetailStatement,dbo,RO_ComplementaryItems,USER_TABLE,False
dbo,usp_RO_MonthlyClosingSalesDetailStatement,dbo,RO_SalesDetail,USER_TABLE,False
dbo,usp_RO_MonthlyClosingSalesDetailStatement,dbo,RO_SalesMaster,USER_TABLE,False
dbo,usp_RO_MonthlyClosingSalesDetailStatement,dbo,ROI_ItemDetails,USER_TABLE,False
dbo,usp_RO_MonthlyClosingSalesDetailStatement,dbo,ROI_ITEMMain,USER_TABLE,False
dbo,usp_RO_MonthlyClosingSalesDetailStatement,dbo,ROI_Unit1,USER_TABLE,False
dbo,usp_RO_MonthlyClosingSalesStatement,dbo,CBMS_BillPostLog,USER_TABLE,False
dbo,usp_RO_MonthlyClosingSalesStatement,dbo,RO_BillingAmount,USER_TABLE,False
dbo,usp_RO_MonthlyClosingSalesStatement,dbo,RO_CompanyInfo,USER_TABLE,False
dbo,usp_RO_MonthlyClosingSalesStatement,dbo,RO_fiscalYear,USER_TABLE,False
dbo,usp_RO_MonthlyClosingSalesStatement,dbo,ro_flatandPerDiscount,USER_TABLE,False
dbo,usp_RO_MonthlyClosingSalesStatement,dbo,RO_SalesMaster,USER_TABLE,False
dbo,usp_RO_MonthlyClosingTotalSalesStatement,dbo,CBMS_BillPostLog,USER_TABLE,False
dbo,usp_RO_MonthlyClosingTotalSalesStatement,dbo,RO_BillingAmount,USER_TABLE,False
dbo,usp_RO_MonthlyClosingTotalSalesStatement,dbo,RO_ComplementaryItems,USER_TABLE,False
dbo,usp_RO_MonthlyClosingTotalSalesStatement,dbo,ro_flatandPerDiscount,USER_TABLE,False
dbo,usp_RO_MonthlyClosingTotalSalesStatement,dbo,RO_SalesMaster,USER_TABLE,False
dbo,usp_RO_MonthlyClosingTotalSalesStatement,dbo,RO_SalesPaymentMode,USER_TABLE,False
dbo,USP_RO_ORDERCANCEL,dbo,RO_MergeTable,USER_TABLE,False
dbo,USP_RO_ORDERCANCEL,dbo,RO_Order_Detail,USER_TABLE,False
dbo,USP_RO_ORDERCANCEL,dbo,RO_OrderItemStatus,USER_TABLE,False
dbo,USP_RO_ORDERCANCEL,dbo,RO_OrderMasters,USER_TABLE,False
dbo,USP_RO_ORDERCANCEL,dbo,RO_restroTable,USER_TABLE,False
dbo,USP_RO_ORDERCANCEL,dbo,Ro_RoomBookings,USER_TABLE,False
dbo,USP_RO_ORDERCANCEL,dbo,RO_SalesMaster,USER_TABLE,False
dbo,USP_RO_ORDERDETAILSAVE,dbo,RO_Combo,USER_TABLE,False
dbo,USP_RO_ORDERDETAILSAVE,dbo,RO_ItemStatus,USER_TABLE,False
dbo,USP_RO_ORDERDETAILSAVE,dbo,RO_Order_Detail,USER_TABLE,False
dbo,USP_RO_ORDERDETAILSAVE,dbo,RO_OrderItemStatus,USER_TABLE,False
dbo,USP_RO_ORDERDETAILSAVE,dbo,ROI_ItemDetails,USER_TABLE,False
dbo,USP_RO_ORDERDETAILSAVE,dbo,ROI_ItemRate,USER_TABLE,False
dbo,usp_ro_PayseatnoBill,dbo,RO_Order_Detail,USER_TABLE,False
dbo,USP_Ro_PUpdateUnit1,dbo,ROI_Unit1,USER_TABLE,False
dbo,USP_Ro_PUpdateUnit1,dbo,ROI_Unit2,USER_TABLE,False
dbo,usp_ro_removecombodetails,dbo,RO_ComboDetails,USER_TABLE,False
dbo,usp_ro_removeExtraIngredient,dbo,RO_ExtraIngredient,USER_TABLE,False
dbo,usp_ro_removeextraitemsforitem,dbo,Roi_ExtraItemForItem,USER_TABLE,False
dbo,USP_RO_RemoveExtraOrderedItems,dbo,RO_Order_Detail,USER_TABLE,False
dbo,USP_RO_RemoveExtraOrderedItems,dbo,RO_Order_ExtraItem,USER_TABLE,False
dbo,USP_RO_REPORT_BYPAYMENTMODE,dbo,RO_SalesMaster,USER_TABLE,False
dbo,usp_ro_reportDaily,dbo,RO_SalesMaster,USER_TABLE,False
dbo,usp_ro_reportmonthly,dbo,RO_SalesMaster,USER_TABLE,False
dbo,usp_ro_reportweekly,dbo,RO_SalesMaster,USER_TABLE,False
dbo,usp_ro_reportyearly,dbo,RO_SalesMaster,USER_TABLE,False
dbo,USP_RO_restoreOrder,dbo,CBMS_BillReturnPostLog,USER_TABLE,False
dbo,USP_RO_restoreOrder,dbo,CostCenterInfo,USER_TABLE,False
dbo,USP_RO_restoreOrder,dbo,RO_ComboDetails,USER_TABLE,False
dbo,USP_RO_restoreOrder,dbo,RO_ExtraIngredient,USER_TABLE,False
dbo,USP_RO_restoreOrder,dbo,Ro_Ingredient,USER_TABLE,False
dbo,USP_RO_restoreOrder,dbo,RO_Order_Detail,USER_TABLE,False
dbo,USP_RO_restoreOrder,dbo,RO_Order_ExtraItem,USER_TABLE,False
dbo,USP_RO_restoreOrder,dbo,RO_OrderItemStatus,USER_TABLE,False
dbo,USP_RO_restoreOrder,dbo,RO_OrderMasters,USER_TABLE,False
dbo,USP_RO_restoreOrder,dbo,RO_restroTable,USER_TABLE,False
dbo,USP_RO_restoreOrder,dbo,Ro_RoomBookings,USER_TABLE,False
dbo,USP_RO_restoreOrder,dbo,RO_SalesDetail,USER_TABLE,False
dbo,USP_RO_restoreOrder,dbo,RO_SalesDetailExtra,USER_TABLE,False
dbo,USP_RO_restoreOrder,dbo,RO_SalesDetailsIngredient,USER_TABLE,False
dbo,USP_RO_restoreOrder,dbo,RO_SalesMaster,USER_TABLE,False
dbo,USP_RO_restoreOrder,dbo,ROI_ITEMBal,USER_TABLE,False
dbo,USP_RO_restoreOrder,dbo,ROI_ItemDetails,USER_TABLE,False
dbo,USP_RO_ROOMTYPESAVE,dbo,Ro_RoomType,USER_TABLE,False
dbo,usp_Ro_SalesChart,dbo,RO_BillingAmount,USER_TABLE,False
dbo,usp_Ro_SalesChart,dbo,RO_SalesMaster,USER_TABLE,False
dbo,usp_RO_SalesDetailStatement,dbo,CostCenterInfo,USER_TABLE,False
dbo,usp_RO_SalesDetailStatement,dbo,RO_Combo,USER_TABLE,False
dbo,usp_RO_SalesDetailStatement,dbo,RO_SalesDetail,USER_TABLE,False
dbo,usp_RO_SalesDetailStatement,dbo,RO_SalesMaster,USER_TABLE,False
dbo,usp_RO_SalesDetailStatement,dbo,ROI_ITEMMain,USER_TABLE,False
dbo,usp_RO_SalesDetailStatement,dbo,ROI_ItemRate,USER_TABLE,False
dbo,usp_RO_SalesDetailStatement,dbo,ROI_Unit1,USER_TABLE,False
dbo,USP_RO_SalesMasterStore,dbo,RO_fiscalYear,USER_TABLE,False
dbo,USP_RO_SalesMasterStore,dbo,RO_Order_Detail,USER_TABLE,False
dbo,USP_RO_SalesMasterStore,dbo,RO_OrderMasters,USER_TABLE,False
dbo,USP_RO_SalesMasterStore,dbo,RO_SalesDetail,USER_TABLE,False
dbo,USP_RO_SalesMasterStore,dbo,RO_SalesMaster,USER_TABLE,False
dbo,USP_RO_SalesReturn,dbo,RO_SalesMaster,USER_TABLE,False
dbo,usp_RO_SalesStatement,dbo,RO_BillingAmount,USER_TABLE,False
dbo,usp_RO_SalesStatement,dbo,RO_SalesMaster,USER_TABLE,False
dbo,usp_ro_SaveAdvancePaymentMode,dbo,RO_AdvancePaymentMode,USER_TABLE,False
dbo,USP_RO_SAVEAGENT,dbo,Ac_FinancialAc,USER_TABLE,False
dbo,USP_RO_SAVEAGENT,dbo,RO_Agent,USER_TABLE,False
dbo,USP_RO_SaveAssignedCostCenter,dbo,Users,USER_TABLE,False
dbo,USP_RO_SAVEBILLINGTERM,dbo,RO_BillTerm,USER_TABLE,False
dbo,USP_RO_SAVEBILLINGTERMDetails,dbo,RO_BillTermDetails,USER_TABLE,False
dbo,USP_RO_SaveBILLTERM_WITHID,dbo,RO_BillingAmount,USER_TABLE,False
dbo,USP_RO_SAVECAKEORDERDETAIL,dbo,RO_CakeOrder_Detail,USER_TABLE,False
dbo,USP_RO_SAVECAKEORDERDETAIL,dbo,ROI_ItemDetails,USER_TABLE,False
dbo,USP_RO_SAVECARDPROVIDER,dbo,Ac_FinancialAc,USER_TABLE,False
dbo,USP_RO_SAVECARDPROVIDER,dbo,RO_CardProvider,USER_TABLE,False
dbo,usp_ro_SaveCostCenterDiscount,dbo,ro_flatandPerDiscount,USER_TABLE,False
dbo,USP_RO_SaveDailyChalan,dbo,DailyChalanMaster,USER_TABLE,False
dbo,USP_RO_SaveDailyChalanIssueDetails,dbo,DailyChalanIssueDetails,USER_TABLE,False
dbo,USP_RO_SaveDailyChalanReturnedDetail,dbo,DailyChalanReturnedDetail,USER_TABLE,False
dbo,USP_RO_SaveExtraOrderedItems,dbo,RO_Order_Detail,USER_TABLE,False
dbo,USP_RO_SaveExtraOrderedItems,dbo,RO_Order_ExtraItem,USER_TABLE,False
dbo,usp_ro_saveExtraSales,dbo,CostCenterInfo,USER_TABLE,False
dbo,usp_ro_saveExtraSales,dbo,RO_ExtraIngredient,USER_TABLE,False
dbo,usp_ro_saveExtraSales,dbo,RO_SalesDetailExtra,USER_TABLE,False
dbo,usp_ro_saveExtraSales,dbo,ROI_ITEMBal,USER_TABLE,False
dbo,usp_ro_saveExtraSales,dbo,ROI_ItemDetails,USER_TABLE,False
dbo,usp_ro_saveExtraSales,dbo,ROI_ITEMMain,USER_TABLE,False
dbo,USP_RO_SaveFiscalYear,dbo,RO_fiscalYear,USER_TABLE,False
dbo,usp_ro_saveflatandPerdiscount,dbo,ro_flatandPerDiscount,USER_TABLE,False
dbo,USP_RO_SAVEMEMBERSHIP,dbo,Ac_FinancialAc,USER_TABLE,False
dbo,USP_RO_SAVEMEMBERSHIP,dbo,RO_LoyaltyMembership,USER_TABLE,False
dbo,USP_RO_SAVEMEMBERSHIP,dbo,USP_Ac_AddACLoyaltyOpeningBalance,SQL_STORED_PROCEDURE,False
dbo,USP_RO_SAVEMERGE,dbo,RO_MergeTable,USER_TABLE,False
dbo,USP_RO_SAVEORDERDETAIL,dbo,RO_Combo,USER_TABLE,False
dbo,USP_RO_SAVEORDERDETAIL,dbo,RO_ItemStatus,USER_TABLE,False
dbo,USP_RO_SAVEORDERDETAIL,dbo,RO_Order_Detail,USER_TABLE,False
dbo,USP_RO_SAVEORDERDETAIL,dbo,RO_OrderItemStatus,USER_TABLE,False
dbo,USP_RO_SAVEORDERDETAIL,dbo,ROI_ItemDetails,USER_TABLE,False
dbo,USP_RO_SAVEORDERDETAIL,dbo,ROI_ItemRate,USER_TABLE,False
dbo,usp_ro_SavePrintCountDetail,dbo,Cake_PrintDetail,USER_TABLE,False
dbo,usp_ro_SavePrintCountDetail,dbo,PrintDetail,USER_TABLE,False
dbo,usp_ro_SavePrintCountDetail,dbo,RO_CakeSalesMaster,USER_TABLE,False
dbo,usp_ro_SavePrintCountDetail,dbo,RO_SalesMaster,USER_TABLE,False
dbo,USP_RO_SAVEROOM,dbo,RO_RestroRoom,USER_TABLE,False
dbo,usp_ro_saveroombooking,dbo,RO_OrderMasters,USER_TABLE,False
dbo,usp_ro_saveroombooking,dbo,RO_restroTable,USER_TABLE,False
dbo,usp_ro_saveroombooking,dbo,Ro_RoomBookings,USER_TABLE,False
dbo,usp_ro_saveroombooking,dbo,RO_SalesMaster,USER_TABLE,False
dbo,usp_ro_savesalesDetail,dbo,CostCenterInfo,USER_TABLE,False
dbo,usp_ro_savesalesDetail,dbo,Ro_Ingredient,USER_TABLE,False
dbo,usp_ro_savesalesDetail,dbo,RO_SalesDetail,USER_TABLE,False
dbo,usp_ro_savesalesDetail,dbo,ROI_ItemDetails,USER_TABLE,False
dbo,usp_ro_savesalesDetail,dbo,ROI_ITEMMain,USER_TABLE,False
dbo,usp_ro_savesalesDetail,dbo,ROI_PurchaseDetails,USER_TABLE,False
dbo,usp_ro_savesalesDetail,dbo,ROI_PurchaseMain,USER_TABLE,False
dbo,usp_ro_savesalesDetail,dbo,ROI_SalesStockTransaction,USER_TABLE,False
dbo,usp_ro_savesalesDetail,dbo,ROI_StockTransactionMaster,USER_TABLE,False
dbo,usp_ro_savesalesMaster,dbo,RO_CakeSalesMaster,USER_TABLE,False
dbo,usp_ro_savesalesMaster,dbo,RO_fiscalYear,USER_TABLE,False
dbo,usp_ro_savesalesMaster,dbo,RO_SalesMaster,USER_TABLE,False
dbo,usp_RO_saveSentNumberMessage,dbo,RO_SMS_Message,USER_TABLE,False
dbo,usp_ro_shiftItems,dbo,RO_ItemShiftLog,USER_TABLE,False
dbo,usp_ro_shiftItems,dbo,RO_Order_Detail,USER_TABLE,False
dbo,usp_ro_shiftItems,dbo,RO_OrderItemStatus,USER_TABLE,False
dbo,usp_ro_shiftItems,dbo,RO_OrderMasters,USER_TABLE,False
dbo,usp_ro_shiftItems,dbo,RO_OrderToken,USER_TABLE,False
dbo,usp_ro_shiftItems,dbo,RO_restroTable,USER_TABLE,False
dbo,usp_ro_shiftItemsToComplementary,dbo,RO_ItemShiftLog,USER_TABLE,False
dbo,usp_ro_shiftItemsToComplementary,dbo,RO_Order_Detail,USER_TABLE,False
dbo,usp_ro_shiftItemsToComplementary,dbo,RO_OrderMasters,USER_TABLE,False
dbo,usp_ro_shiftItemsToComplementary,dbo,usp_ro_solveTableIssues,SQL_STORED_PROCEDURE,False
dbo,usp_ro_shiftItemsToComplementary,dbo,USP_SAVECOMPLEMENTARYDETAIL,SQL_STORED_PROCEDURE,False
dbo,USP_RO_ShiftTable,dbo,RO_ItemShiftLog,USER_TABLE,False
dbo,USP_RO_ShiftTable,dbo,RO_Order_Detail,USER_TABLE,False
dbo,USP_RO_ShiftTable,dbo,RO_OrderMasters,USER_TABLE,False
dbo,USP_RO_ShiftTable,dbo,RO_OrderToken,USER_TABLE,False
dbo,USP_RO_ShiftTable,dbo,RO_restroTable,USER_TABLE,False
dbo,usp_ro_solveTableIssues,dbo,RO_Order_Detail,USER_TABLE,False
dbo,usp_ro_solveTableIssues,dbo,RO_OrderMasters,USER_TABLE,False
dbo,usp_ro_solveTableIssues,dbo,RO_restroTable,USER_TABLE,False
dbo,usp_ro_solveTableIssues,dbo,Ro_RoomBookings,USER_TABLE,False
dbo,usp_ro_solveTableIssues,dbo,RO_SalesMaster,USER_TABLE,False
dbo,USP_RO_StoreAmountDetails,dbo,DailyOrderDetailsTotal,USER_TABLE,False
dbo,USP_RO_SummaryItemSalesReport,dbo,CBMS_BillPostLog,USER_TABLE,False
dbo,USP_RO_SummaryItemSalesReport,dbo,CostCenterInfo,USER_TABLE,False
dbo,USP_RO_SummaryItemSalesReport,dbo,RO_CakeSalesDetail,USER_TABLE,False
dbo,USP_RO_SummaryItemSalesReport,dbo,RO_CakeSalesMaster,USER_TABLE,False
dbo,USP_RO_SummaryItemSalesReport,dbo,RO_OrderMasters,USER_TABLE,False
dbo,USP_RO_SummaryItemSalesReport,dbo,RO_SalesDetail,USER_TABLE,False
dbo,USP_RO_SummaryItemSalesReport,dbo,RO_SalesMaster,USER_TABLE,False
dbo,USP_RO_SummaryItemSalesReport,dbo,ROI_ItemDetails,USER_TABLE,False
dbo,USP_RO_SummaryItemSalesReport,dbo,ROI_ITEMMain,USER_TABLE,False
dbo,USP_RO_SummaryItemSalesReport,dbo,ROI_Unit1,USER_TABLE,False
dbo,USP_RO_SummaryItemSalesReport,dbo,vw_ROI_StockReportView,VIEW,False
dbo,usp_ro_sumweekly,dbo,RO_OrderMasters,USER_TABLE,False
dbo,usp_ro_sumweeklyByReportNumber,dbo,RO_OrderMasters,USER_TABLE,False
dbo,usp_ro_sumweeklyByReportNumber,dbo,RO_RestroRoom,USER_TABLE,False
dbo,usp_ro_sumweeklyByReportNumber,dbo,RO_restroTable,USER_TABLE,False
dbo,USP_RO_TABLETRANSFER,dbo,fn_getMaxMasterId,SQL_SCALAR_FUNCTION,False
dbo,USP_RO_TABLETRANSFER,dbo,RO_OrderMasters,USER_TABLE,False
dbo,USP_RO_TABLETRANSFER,dbo,RO_restroTable,USER_TABLE,False
dbo,USP_RO_UNITDELETE,dbo,RO_Units,USER_TABLE,False
dbo,USP_RO_UNITSAVE,dbo,RO_Units,USER_TABLE,False
dbo,USP_RO_UPDATECOMBOISACTIVE,dbo,RO_Combo,USER_TABLE,False
dbo,Usp_ro_UpdateCustomerBalance,dbo,RO_CAKE_SalesPaymentMode,USER_TABLE,False
dbo,Usp_ro_UpdateCustomerBalance,dbo,RO_CakeSalesMaster,USER_TABLE,False
dbo,Usp_ro_UpdateCustomerBalance,dbo,RO_LoyaltyMembership,USER_TABLE,False
dbo,Usp_ro_UpdateCustomerBalance,dbo,RO_SalesMaster,USER_TABLE,False
dbo,Usp_ro_UpdateCustomerBalance,dbo,RO_SalesPaymentMode,USER_TABLE,False
dbo,usp_ro_updateInvoiceNo,dbo,RO_SalesMaster,USER_TABLE,False
dbo,usp_ro_updateOrderDetails,dbo,RO_Order_Detail,USER_TABLE,False
dbo,usp_ro_updateOrderMaster,dbo,RO_Order_Detail,USER_TABLE,False
dbo,usp_ro_updateOrderMaster,dbo,RO_OrderItemStatus,USER_TABLE,False
dbo,usp_ro_updateOrderMaster,dbo,RO_OrderMasters,USER_TABLE,False
dbo,usp_RO_UpdatePaymentMethod,,usp_RO_ArchivePaymentMethod,,False
dbo,usp_RO_UpdatePaymentMethod,dbo,RO_LoyaltyMembership,USER_TABLE,False
dbo,usp_RO_UpdatePaymentMethod,dbo,RO_SalesMaster,USER_TABLE,False
dbo,usp_RO_UpdatePaymentMethod,dbo,RO_SalesPaymentMode,USER_TABLE,False
dbo,usp_ro_updateroombooking,dbo,RO_OrderMasters,USER_TABLE,False
dbo,usp_ro_updateroombooking,dbo,RO_restroTable,USER_TABLE,False
dbo,usp_ro_updateroombooking,dbo,Ro_RoomBookings,USER_TABLE,False
dbo,usp_ro_updateroombooking,dbo,RO_SalesMaster,USER_TABLE,False
dbo,usp_ro_UpdateSalesPayMode,dbo,RO_MergeTable,USER_TABLE,False
dbo,usp_ro_UpdateSalesPayMode,dbo,RO_Order_Detail,USER_TABLE,False
dbo,usp_ro_UpdateSalesPayMode,dbo,RO_OrderMasters,USER_TABLE,False
dbo,usp_ro_UpdateSalesPayMode,dbo,RO_restroTable,USER_TABLE,False
dbo,usp_ro_UpdateSalesPayMode,dbo,Ro_RoomBookings,USER_TABLE,False
dbo,usp_ro_UpdateSalesPayMode,dbo,RO_SalesMaster,USER_TABLE,False
dbo,usp_ro_UpdateSalesPayMode,dbo,RO_SalesPaymentMode,USER_TABLE,False
dbo,USP_RO_UpdateStatusOfOrderByCostCenter,dbo,RO_Order_Detail,USER_TABLE,False
dbo,USP_RO_UpdateStatusOfOrderByCostCenter,dbo,RO_OrderItemStatus,USER_TABLE,False
dbo,USP_RO_UpdateTermAmount,dbo,RO_Order_Detail,USER_TABLE,False
dbo,USP_RO_UpdateTermAmount,dbo,RO_OrderMasters,USER_TABLE,False
dbo,USP_ROI_Adjustment,dbo,ROI_AdjustmentMain,USER_TABLE,False
dbo,USP_ROI_AdjustmentAUTONUMBER,dbo,ROI_AdjustmentMain,USER_TABLE,False
dbo,USP_ROI_AdjustmentDetailsSave,dbo,ROI_AdjustmentDetls,USER_TABLE,False
dbo,USP_ROI_AdjustmentDetailsSave,dbo,ROI_AdjustStockTransaction,USER_TABLE,False
dbo,USP_ROI_AdjustmentDetailsSave,dbo,ROI_ItemDetails,USER_TABLE,False
dbo,USP_ROI_AdjustmentDetailsSave,dbo,ROI_PurchaseStockTransaction,USER_TABLE,False
dbo,USP_ROI_AdjustmentDetailsSave,dbo,ROI_StockTransactionMaster,USER_TABLE,False
dbo,USP_ROI_AdjustmentmainSave,dbo,ROI_AdjustmentMain,USER_TABLE,False
dbo,usp_Roi_CheckItemExistence,dbo,ROI_ITEMMain,USER_TABLE,False
dbo,usp_Roi_CheckItemExistenceForCategory,dbo,ROI_ITEMMain,USER_TABLE,False
dbo,USP_ROI_DeleteAdjustmentType,dbo,Ro_AdjustmentType,USER_TABLE,False
dbo,USP_ROI_DELETEAJDUSTMENT,dbo,ROI_AdjustmentDetls,USER_TABLE,False
dbo,USP_ROI_DELETEAJDUSTMENT,dbo,ROI_AdjustmentMain,USER_TABLE,False
dbo,USP_ROI_DELETEITEMRATE,dbo,ROI_ItemRate,USER_TABLE,False
dbo,USP_ROI_EditAdjustmentType,dbo,Ro_AdjustmentType,USER_TABLE,False
dbo,USP_ROI_ExtraBillingDetailsSave,dbo,tbl_ExtraBillingDetails,USER_TABLE,False
dbo,USP_ROI_ExtraBillMainSave,dbo,tbl_ExtraBillingMaster,USER_TABLE,False
dbo,USP_ROI_FGETUNITB,dbo,ROI_Unit1,USER_TABLE,False
dbo,usp_roi_getAdjustmentReport,dbo,Ro_AdjustmentType,USER_TABLE,False
dbo,usp_roi_getAdjustmentReport,dbo,RO_fiscalYear,USER_TABLE,False
dbo,usp_roi_getAdjustmentReport,dbo,ROI_AdjustmentDetls,USER_TABLE,False
dbo,usp_roi_getAdjustmentReport,dbo,ROI_AdjustmentMain,USER_TABLE,False
dbo,usp_roi_getAdjustmentReport,dbo,ROI_ITEMMain,USER_TABLE,False
dbo,usp_roi_getAdjustmentReport,dbo,ROI_Store,USER_TABLE,False
dbo,usp_roi_getAdjustmentReport,dbo,ROI_Unit1,USER_TABLE,False
dbo,USP_ROI_getadjustmentType,dbo,Ro_AdjustmentType,USER_TABLE,False
dbo,USP_ROI_GETALLSTOCKREPORT,dbo,vw_ROI_StockReportView,VIEW,False
dbo,usp_roi_getBankInfoByFinancialAcID,dbo,Ac_BankInfo,USER_TABLE,False
dbo,USP_ROI_GETCHANGEUNIT,dbo,ROI_Unit1,USER_TABLE,False
dbo,USP_ROI_GETCHANGEUNIT,dbo,ROI_Unit2,USER_TABLE,False
dbo,usp_Roi_GetDataForGroupItem,dbo,Roi_GroupWithItem,USER_TABLE,False
dbo,usp_Roi_GetDataForGroupItem,dbo,Roi_ItemGroup,USER_TABLE,False
dbo,usp_Roi_GetDataForGroupItem,dbo,ROI_ITEMMain,USER_TABLE,False
dbo,usp_Roi_GetGroupDataByID,dbo,Roi_GroupWithItem,USER_TABLE,False
dbo,usp_Roi_GetGroupDataByID,dbo,Roi_ItemGroup,USER_TABLE,False
dbo,usp_Roi_GetGroupDataByID,dbo,ROI_ITEMMain,USER_TABLE,False
dbo,USP_ROI_GetInventoryItemWithSmallUnit,dbo,ROI_ItemDetails,USER_TABLE,False
dbo,USP_ROI_GetInventoryItemWithSmallUnit,dbo,ROI_ITEMMain,USER_TABLE,False
dbo,USP_ROI_GetInventoryItemWithSmallUnit,dbo,ROI_ItemRate,USER_TABLE,False
dbo,USP_ROI_GetInventoryItemWithSmallUnit,dbo,ROI_Unit1,USER_TABLE,False
dbo,USP_ROI_GETISSUES,dbo,ROI_IssueMain,USER_TABLE,False
dbo,USP_ROI_GETISSUES,dbo,ROI_Store,USER_TABLE,False
dbo,USP_ROI_GetItemExtraListByItemID,dbo,RO_ExtraItem,USER_TABLE,False
dbo,USP_ROI_GetItemExtraListByItemID,dbo,Roi_ExtraItemForItem,USER_TABLE,False
dbo,USP_ROI_GETITEMFORGOODS,dbo,ROI_ItemDetails,USER_TABLE,False
dbo,USP_ROI_GETITEMFORGOODS,dbo,ROI_ITEMMain,USER_TABLE,False
dbo,USP_ROI_GetItemForOpenBalance,dbo,ROI_ItemDetails,USER_TABLE,False
dbo,USP_ROI_GetItemForOpenBalance,dbo,ROI_ITEMMain,USER_TABLE,False
dbo,USP_ROI_GetItemForOpenBalance,dbo,ROI_ItemRate,USER_TABLE,False
dbo,USP_ROI_GetItemForOpenBalance,dbo,ROI_PurchaseStockTransaction,USER_TABLE,False
dbo,USP_ROI_GetItemForOpenBalance,dbo,ROI_Unit1,USER_TABLE,False
dbo,USP_ROI_GetItemForSearch,dbo,ROI_ItemDetails,USER_TABLE,False
dbo,USP_ROI_GetItemForSearch,dbo,ROI_ITEMMain,USER_TABLE,False
dbo,USP_ROI_GetItemForSearch,dbo,ROI_ItemRate,USER_TABLE,False
dbo,USP_ROI_GetItemForSearch,dbo,ROI_Unit1,USER_TABLE,False
dbo,USP_ROI_GetItemForWholeSaleSearch,dbo,ROI_ItemDetails,USER_TABLE,False
dbo,USP_ROI_GetItemForWholeSaleSearch,dbo,ROI_ITEMMain,USER_TABLE,False
dbo,USP_ROI_GetItemForWholeSaleSearch,dbo,ROI_ItemRate,USER_TABLE,False
dbo,USP_ROI_GetItemForWholeSaleSearch,dbo,ROI_Unit1,USER_TABLE,False
dbo,USP_ROI_GETITEMIDPOIDBYNAME,dbo,ROI_ITEMMain,USER_TABLE,False
dbo,USP_ROI_GETITEMIDPOIDBYNAME,dbo,ROI_PurchaseDetails,USER_TABLE,False
dbo,USP_ROI_GETITEMIDPOIDBYNAME,dbo,ROI_Unit3,USER_TABLE,False
dbo,USP_ROI_GETITEMRATE,dbo,ROI_ITEMMain,USER_TABLE,False
dbo,USP_ROI_GETITEMRATE,dbo,ROI_ItemRate,USER_TABLE,False
dbo,USP_ROI_GetItemRateIdByItemId,dbo,ROI_ItemRate,USER_TABLE,False
dbo,usp_roi_getOrderItemCancelReport,dbo,Order_Detail_Cancel,USER_TABLE,False
dbo,usp_roi_getOrderItemCancelReport,dbo,RO_Order_Detail,USER_TABLE,False
dbo,usp_roi_getOrderItemCancelReport,dbo,RO_OrderMasters,USER_TABLE,False
dbo,usp_roi_getOrderItemCancelReport,dbo,RO_RestroRoom,USER_TABLE,False
dbo,usp_roi_getOrderItemCancelReport,dbo,RO_restroTable,USER_TABLE,False
dbo,usp_roi_getOrderItemCancelReport,dbo,ROI_ItemDetails,USER_TABLE,False
dbo,usp_roi_getOrderItemCancelReport,dbo,ROI_ITEMMain,USER_TABLE,False
dbo,usp_roi_getOrderVoidReport,dbo,RO_OrderMasters,USER_TABLE,False
dbo,usp_roi_getOrderVoidReport,dbo,RO_RestroRoom,USER_TABLE,False
dbo,usp_roi_getOrderVoidReport,dbo,RO_restroTable,USER_TABLE,False
dbo,USP_ROI_GETPRODUCTIONREPORT,dbo,PR_ProductionInstant,USER_TABLE,False
dbo,USP_ROI_GETPRUCHASEDETAILS,dbo,RO_GoodsReceivedDetls,USER_TABLE,False
dbo,USP_ROI_GETPRUCHASEDETAILS,dbo,ROI_PurchaseDetails,USER_TABLE,False
dbo,USP_ROI_GETPRUCHASEDETAILS,dbo,ROI_PurchaseMain,USER_TABLE,False
dbo,USP_ROI_GETPRUCHASENOFORREPORT,dbo,ROI_PurchaseMain,USER_TABLE,False
dbo,USP_ROI_Getpurchaseitemidbyname,dbo,ROI_ITEMMain,USER_TABLE,False
dbo,USP_ROI_Getpurchaseitemidbyname,dbo,ROI_PurchaseDetails,USER_TABLE,False
dbo,usp_roi_getPurchaseReport,dbo,RO_fiscalYear,USER_TABLE,False
dbo,usp_roi_getPurchaseReport,dbo,RO_LoyaltyMembership,USER_TABLE,False
dbo,usp_roi_getPurchaseReport,dbo,ROI_ITEMMain,USER_TABLE,False
dbo,usp_roi_getPurchaseReport,dbo,ROI_PurchaseDetails,USER_TABLE,False
dbo,usp_roi_getPurchaseReport,dbo,ROI_PurchaseLotNo,USER_TABLE,False
dbo,usp_roi_getPurchaseReport,dbo,ROI_PurchaseMain,USER_TABLE,False
dbo,usp_roi_getPurchaseReport,dbo,ROI_Unit1,USER_TABLE,False
dbo,USP_ROI_GettypedatabyId,dbo,Ro_AdjustmentType,USER_TABLE,False
dbo,USP_ROI_GoodReceivedDetailsSave,dbo,RO_GoodsReceivedDetls,USER_TABLE,False
dbo,USP_ROI_GoodReceivedmainSave,dbo,RO_GoodsReceivedMain,USER_TABLE,False
dbo,usp_roi_goodsreceive,dbo,Req_Recquistion,USER_TABLE,False
dbo,usp_roi_goodsreceive,dbo,Req_RecquistionDetails,USER_TABLE,False
dbo,usp_roi_goodsreceive,dbo,RO_GoodsReceivedDetls,USER_TABLE,False
dbo,usp_roi_goodsreceive,dbo,RO_LoyaltyMembership,USER_TABLE,False
dbo,usp_roi_goodsreceive,dbo,ROI_ITEMMain,USER_TABLE,False
dbo,usp_roi_goodsreceive,dbo,ROI_PurchaseDetails,USER_TABLE,False
dbo,usp_roi_goodsreceive,dbo,ROI_PurchaseMain,USER_TABLE,False
dbo,usp_roi_goodsreceive,dbo,ROI_Unit1,USER_TABLE,False
dbo,USP_ROI_GoodsReceiveAUTONUMBER,dbo,RO_GoodsReceivedMain,USER_TABLE,False
dbo,usp_roi_goodsreceiveDelete,dbo,RO_GoodsReceivedMain,USER_TABLE,False
dbo,usp_Roi_GroupWithItem_InsertData,dbo,Roi_GroupWithItem,USER_TABLE,False
dbo,USP_ROI_IssueAUTONUMBER,dbo,ROI_IssueMain,USER_TABLE,False
dbo,usp_Roi_ItemGroup_InsertData,dbo,Roi_ItemGroup,USER_TABLE,False
dbo,USP_ROI_ITEMRATESAVE,dbo,ROI_ItemRate,USER_TABLE,False
dbo,usp_ROI_Purchase_Listing,dbo,RO_GoodsReceivedDetls,USER_TABLE,False
dbo,usp_ROI_Purchase_Listing,dbo,RO_LoyaltyMembership,USER_TABLE,False
dbo,usp_ROI_Purchase_Listing,dbo,ROI_PurchaseDetails,USER_TABLE,False
dbo,usp_ROI_Purchase_Listing,dbo,ROI_PurchaseMain,USER_TABLE,False
dbo,USP_ROI_PURCHASEAUTONUMBER,dbo,ROI_PurchaseMain,USER_TABLE,False
dbo,USP_ROI_PurchaseReturnAUTONUMBER,dbo,RO_PurchaseReturnMain,USER_TABLE,False
dbo,USP_ROI_SaveAdjustmentType,dbo,Ro_AdjustmentType,USER_TABLE,False
dbo,USP_ROI_SAVEBALANCE,dbo,ROI_ItemDetails,USER_TABLE,False
dbo,USP_ROI_SAVEBALANCE,dbo,ROI_OpeningStockTransaction,USER_TABLE,False
dbo,USP_ROI_SAVEBALANCE,dbo,ROI_StockTransactionMaster,USER_TABLE,False
dbo,usp_roi_SaveItemsDetailsOfRestro,dbo,ROI_ITEMBal,USER_TABLE,False
dbo,usp_roi_SaveItemsDetailsOfRestro,dbo,ROI_ItemDetails,USER_TABLE,False
dbo,usp_roi_SaveItemsDetailsOfRestro,dbo,ROI_ITEMMain,USER_TABLE,False
dbo,usp_roi_SaveItemsOfRestro,dbo,ROI_ITEMMain,USER_TABLE,False
dbo,USP_ROI_SaveReservedTable,dbo,RO_ReservedTable,USER_TABLE,False
dbo,USP_ROI_SaveSplittedData,dbo,RO_ItemShiftLog,USER_TABLE,False
dbo,USP_ROI_SaveSplittedData,dbo,RO_Order_Detail,USER_TABLE,False
dbo,USP_ROI_SaveSplittedData,dbo,RO_OrderMasters,USER_TABLE,False
dbo,USP_ROI_SAVESTORE,dbo,ROI_Store,USER_TABLE,False
dbo,USP_ROI_SaveTableReservation,dbo,RO_TableReservation,USER_TABLE,False
dbo,USP_ROI_Store,dbo,ROI_Store,USER_TABLE,False
dbo,USP_ROI_StoreByHirerchy,dbo,ROI_Store,USER_TABLE,False
dbo,USP_ROI_txtSearchForItem,dbo,RO_GlobalizedMenu,USER_TABLE,False
dbo,USP_ROI_txtSearchForItem,dbo,ROI_ItemDetails,USER_TABLE,False
dbo,USP_ROI_txtSearchForItem,dbo,ROI_ITEMMain,USER_TABLE,False
dbo,USP_ROI_txtSearchForItem,dbo,ROI_ItemRate,USER_TABLE,False
dbo,USP_ROI_UpdateItemStockStatus,dbo,ROI_ItemDetails,USER_TABLE,False
dbo,usp_roi_viewItemByID,dbo,ROI_ItemRate,USER_TABLE,False
dbo,USP_ROI_VoucherAUTONUMBER,dbo,Ac_TempTransaction,USER_TABLE,False
dbo,usp_roideleteissue,dbo,ROI_IssueDetails,USER_TABLE,False
dbo,usp_roideleteissue,dbo,ROI_IssueMain,USER_TABLE,False
dbo,usp_RoiItemDetailsSave,dbo,ROI_ItemDetails,USER_TABLE,False
dbo,usp_RoiItemMainSave,dbo,ROI_ITEMMain,USER_TABLE,False
dbo,usp_ROIITEMUPDATE,dbo,ROI_ItemDetails,USER_TABLE,False
dbo,usp_ROIITEMUPDATE,dbo,ROI_ITEMMain,USER_TABLE,False
dbo,usp_RoleNamesGetByUserName,dbo,aspnet_Roles,USER_TABLE,False
dbo,usp_RoleNamesGetByUserName,dbo,aspnet_UsersInRoles,USER_TABLE,False
dbo,usp_RoleNamesGetByUserName,dbo,vw_PortalUsers,VIEW,False
dbo,usp_SageBannerAddHtmlContentToBanner,dbo,BannerImage,USER_TABLE,False
dbo,usp_SageBannerBannerSortOrderUpdate,dbo,BannerImage,USER_TABLE,False
dbo,usp_SageBannerDeleteBannerAndItsContentByBannerID,dbo,BannerImage,USER_TABLE,False
dbo,usp_SageBannerDeleteBannerAndItsContentByBannerID,dbo,SageBanner,USER_TABLE,False
dbo,usp_SageBannerDeleteBannerContentByID,dbo,BannerImage,USER_TABLE,False
dbo,usp_SageBannerDeleteHTMLContentByID,dbo,BannerImage,USER_TABLE,False
dbo,usp_SageBannerGetAllBanner,dbo,SageBanner,USER_TABLE,False
dbo,usp_SageBannerGetAllPagesOfSageFrame,dbo,PageMenu,USER_TABLE,False
dbo,usp_SageBannerGetAllPagesOfSageFrame,dbo,Pages,USER_TABLE,False
dbo,usp_SageBannerGetBannerImages,dbo,BannerImage,USER_TABLE,False
dbo,usp_SageBannerGetBannerSetting,dbo,SageBannerSettingKey,USER_TABLE,False
dbo,usp_SageBannerGetBannerSetting,dbo,SageBannerSettingValue,USER_TABLE,False
dbo,usp_SageBannerGetFileName,dbo,BannerImage,USER_TABLE,False
dbo,usp_SageBannerGetHTMLContentForEditByID,dbo,BannerImage,USER_TABLE,False
dbo,usp_SageBannerGetImageInformationByID,dbo,BannerImage,USER_TABLE,False
dbo,usp_SageBannerLoadBannerHTMLContentOnGrid,dbo,BannerImage,USER_TABLE,False
dbo,usp_SageBannerLoadBannerImagesOnGrid,dbo,BannerImage,USER_TABLE,False
dbo,usp_SageBannerLoadBannerListOnGrid,dbo,SageBanner,USER_TABLE,False
dbo,usp_SageBannerSaveBannerContent,dbo,BannerImage,USER_TABLE,False
dbo,usp_SageBannerSaveBannerInformation,dbo,SageBanner,USER_TABLE,False
dbo,usp_SageBannerSaveBannerSetting,dbo,SageBannerSettingValue,USER_TABLE,False
dbo,usp_sagecleanup,dbo,aspnet_Membership,USER_TABLE,False
dbo,usp_sagecleanup,dbo,aspnet_Roles,USER_TABLE,False
dbo,usp_sagecleanup,dbo,aspnet_Users,USER_TABLE,False
dbo,usp_sagecleanup,dbo,aspnet_UsersInRoles,USER_TABLE,False
dbo,usp_sagecleanup,dbo,BannerImage,USER_TABLE,False
dbo,usp_sagecleanup,dbo,CacheSearch,USER_TABLE,False
dbo,usp_sagecleanup,dbo,Codes,USER_TABLE,False
dbo,usp_sagecleanup,dbo,ContactUs,USER_TABLE,False
dbo,usp_sagecleanup,dbo,HtmlText,USER_TABLE,False
dbo,usp_sagecleanup,dbo,Languages,USER_TABLE,False
dbo,usp_sagecleanup,dbo,LocalModuleTitle,USER_TABLE,False
dbo,usp_sagecleanup,dbo,LocalPage,USER_TABLE,False
dbo,usp_sagecleanup,dbo,Log,USER_TABLE,False
dbo,usp_sagecleanup,dbo,LogActivity,USER_TABLE,False
dbo,usp_sagecleanup,dbo,Logo,USER_TABLE,False
dbo,usp_sagecleanup,dbo,MenuItem,USER_TABLE,False
dbo,usp_sagecleanup,dbo,MenuMgrSettingValue,USER_TABLE,False
dbo,usp_sagecleanup,dbo,PageMenu,USER_TABLE,False
dbo,usp_sagecleanup,dbo,PageMenu_History,USER_TABLE,False
dbo,usp_sagecleanup,dbo,PageModules,USER_TABLE,False
dbo,usp_sagecleanup,dbo,PageModules_History,USER_TABLE,False
dbo,usp_sagecleanup,dbo,PagePermission,USER_TABLE,False
dbo,usp_sagecleanup,dbo,PagePermission_History,USER_TABLE,False
dbo,usp_sagecleanup,dbo,PagePreview,USER_TABLE,False
dbo,usp_sagecleanup,dbo,Pages,USER_TABLE,False
dbo,usp_sagecleanup,dbo,Pages_History,USER_TABLE,False
dbo,usp_sagecleanup,dbo,Portal,USER_TABLE,False
dbo,usp_sagecleanup,dbo,PortalRole,USER_TABLE,False
dbo,usp_sagecleanup,dbo,PortalUser,USER_TABLE,False
dbo,usp_sagecleanup,dbo,SageBanner,USER_TABLE,False
dbo,usp_sagecleanup,dbo,SageBannerSettingValue,USER_TABLE,False
dbo,usp_sagecleanup,dbo,SageFrameSearchSettingValue,USER_TABLE,False
dbo,usp_sagecleanup,dbo,SessionTracker,USER_TABLE,False
dbo,usp_sagecleanup,dbo,SettingValue,USER_TABLE,False
dbo,usp_sagecleanup,dbo,SuspendedIP,USER_TABLE,False
dbo,usp_sagecleanup,dbo,TaskToDo,USER_TABLE,False
dbo,usp_sagecleanup,dbo,UserModulePermission,USER_TABLE,False
dbo,usp_sagecleanup,dbo,UserModules,USER_TABLE,False
dbo,usp_sagecleanup,dbo,UserModules_History,USER_TABLE,False
dbo,usp_sagecleanup,dbo,Users,USER_TABLE,False
dbo,usp_SageFramePortalUserSearch,dbo,aspnet_Roles,USER_TABLE,False
dbo,usp_SageFramePortalUserSearch,dbo,aspnet_Users,USER_TABLE,False
dbo,usp_SageFramePortalUserSearch,dbo,aspnet_UsersInRoles,USER_TABLE,False
dbo,usp_SageFramePortalUserSearch,dbo,Split,SQL_TABLE_VALUED_FUNCTION,False
dbo,usp_SageFramePortalUserSearch,dbo,vw_PortalUsers,VIEW,False
dbo,usp_SageFrameUserListSearch,dbo,aspnet_Roles,USER_TABLE,False
dbo,usp_SageFrameUserListSearch,dbo,aspnet_Users,USER_TABLE,False
dbo,usp_SageFrameUserListSearch,dbo,aspnet_UsersInRoles,USER_TABLE,False
dbo,usp_SageFrameUserListSearch,dbo,Split,SQL_TABLE_VALUED_FUNCTION,False
dbo,usp_SageFrameUserListSearch,dbo,vw_PortalUsers,VIEW,False
dbo,usp_SageMenuAdminGet,dbo,aspnet_Roles,USER_TABLE,False
dbo,usp_SageMenuAdminGet,dbo,fn_GetPageRolesNUsername,SQL_SCALAR_FUNCTION,True
dbo,usp_SageMenuAdminGet,dbo,fn_GetSettingValueBySettingKey,SQL_SCALAR_FUNCTION,False
dbo,usp_SageMenuAdminGet,dbo,LocalPage,USER_TABLE,False
dbo,usp_SageMenuAdminGet,dbo,PagePermission,USER_TABLE,False
dbo,usp_SageMenuAdminGet,dbo,Pages,USER_TABLE,False
dbo,usp_SageMenuAdminGet,dbo,Portal,USER_TABLE,False
dbo,usp_SageMenuGetAdminView,dbo,PageMenu,USER_TABLE,False
dbo,usp_SageMenuGetAdminView,dbo,Pages,USER_TABLE,False
dbo,usp_SageMenuGetClientEdit,dbo,aspnet_Users,USER_TABLE,False
dbo,usp_SageMenuGetClientEdit,dbo,aspnet_UsersInRoles,USER_TABLE,False
dbo,usp_SageMenuGetClientEdit,dbo,fn_LevelPrefix,SQL_SCALAR_FUNCTION,True
dbo,usp_SageMenuGetClientEdit,dbo,PageMenu,USER_TABLE,False
dbo,usp_SageMenuGetClientEdit,dbo,PagePermission,USER_TABLE,False
dbo,usp_SageMenuGetClientEdit,dbo,Pages,USER_TABLE,False
dbo,usp_SageMenuGetClientView,dbo,PageMenu,USER_TABLE,False
dbo,usp_SageMenuGetClientView,dbo,Pages,USER_TABLE,False
dbo,usp_SageMenuGetFooter,dbo,aspnet_Users,USER_TABLE,False
dbo,usp_SageMenuGetFooter,dbo,aspnet_UsersInRoles,USER_TABLE,False
dbo,usp_SageMenuGetFooter,dbo,fn_LevelPrefix,SQL_SCALAR_FUNCTION,True
dbo,usp_SageMenuGetFooter,dbo,LocalPage,USER_TABLE,False
dbo,usp_SageMenuGetFooter,dbo,PageMenu,USER_TABLE,False
dbo,usp_SageMenuGetFooter,dbo,PagePermission,USER_TABLE,False
dbo,usp_SageMenuGetFooter,dbo,Pages,USER_TABLE,False
dbo,usp_SageMenuGetSideMenu,dbo,aspnet_Roles,USER_TABLE,False
dbo,usp_SageMenuGetSideMenu,dbo,aspnet_Users,USER_TABLE,False
dbo,usp_SageMenuGetSideMenu,dbo,aspnet_UsersInRoles,USER_TABLE,False
dbo,usp_SageMenuGetSideMenu,dbo,fn_LevelPrefix,SQL_SCALAR_FUNCTION,True
dbo,usp_SageMenuGetSideMenu,dbo,LocalPage,USER_TABLE,False
dbo,usp_SageMenuGetSideMenu,dbo,MenuItem,USER_TABLE,False
dbo,usp_SageMenuGetSideMenu,dbo,PagePermission,USER_TABLE,False
dbo,usp_SageMenuGetSideMenu,dbo,Pages,USER_TABLE,False
dbo,usp_SageMenuSettingAddUpdate,dbo,SageMenuSettingValue,USER_TABLE,False
dbo,usp_SageMenuSettingGetAll,dbo,Menu,USER_TABLE,False
dbo,usp_SageMenuSettingGetAll,dbo,MenuMgrSettingKey,USER_TABLE,False
dbo,usp_SageMenuSettingGetAll,dbo,MenuMgrSettingValue,USER_TABLE,False
dbo,usp_SageMenuSettingGetAll,dbo,SageMenuSettingValue,USER_TABLE,False
dbo,usp_SageMenuUpdateSelectedMenu,dbo,SageMenuSettingValue,USER_TABLE,False
dbo,USP_SaleReportByPayementMode,dbo,RO_CardProvider,USER_TABLE,False
dbo,USP_SaleReportByPayementMode,dbo,RO_SalesMaster,USER_TABLE,False
dbo,USP_SaleReportByProviderList,dbo,RO_SalesMaster,USER_TABLE,False
dbo,USP_SALES_REPORT,dbo,CBMS_BillPostLog,USER_TABLE,False
dbo,USP_SALES_REPORT,dbo,DailyFinancialReport,USER_TABLE,False
dbo,USP_SALES_REPORT,dbo,RO_BillingAmount,USER_TABLE,False
dbo,USP_SALES_REPORT,dbo,RO_CompanyInfo,USER_TABLE,False
dbo,USP_SALES_REPORT,dbo,RO_fiscalYear,USER_TABLE,False
dbo,USP_SALES_REPORT,dbo,RO_OrderMasters,USER_TABLE,False
dbo,USP_SALES_REPORT,dbo,RO_RestroRoom,USER_TABLE,False
dbo,USP_SALES_REPORT,dbo,RO_restroTable,USER_TABLE,False
dbo,USP_SALES_REPORT,dbo,RO_SalesMaster,USER_TABLE,False
dbo,USP_SALES_REPORT,dbo,RO_SalesPaymentMode,USER_TABLE,False
dbo,USP_SALES_REPORT,dbo,ufn_sales_getpaymentdata,SQL_TABLE_VALUED_FUNCTION,False
dbo,USP_SALES_REPORT,dbo,vw_CakeSalesReport,VIEW,False
dbo,USP_SALES_REPORT_For_SalesReturn,dbo,CBMS_BillPostLog,USER_TABLE,False
dbo,USP_SALES_REPORT_For_SalesReturn,dbo,DailyFinancialReport,USER_TABLE,False
dbo,USP_SALES_REPORT_For_SalesReturn,dbo,RO_BillingAmount,USER_TABLE,False
dbo,USP_SALES_REPORT_For_SalesReturn,dbo,RO_CompanyInfo,USER_TABLE,False
dbo,USP_SALES_REPORT_For_SalesReturn,dbo,RO_fiscalYear,USER_TABLE,False
dbo,USP_SALES_REPORT_For_SalesReturn,dbo,RO_OrderMasters,USER_TABLE,False
dbo,USP_SALES_REPORT_For_SalesReturn,dbo,RO_RestroRoom,USER_TABLE,False
dbo,USP_SALES_REPORT_For_SalesReturn,dbo,RO_restroTable,USER_TABLE,False
dbo,USP_SALES_REPORT_For_SalesReturn,dbo,RO_SalesMaster,USER_TABLE,False
dbo,USP_SALES_REPORT_For_SalesReturn,dbo,RO_SalesPaymentMode,USER_TABLE,False
dbo,USP_SALES_REPORT_For_SalesReturn,dbo,ufn_sales_getpaymentdata,SQL_TABLE_VALUED_FUNCTION,False
dbo,USP_SALES_REPORT_For_SalesReturn,dbo,vw_CakeSalesReport,VIEW,False
dbo,USP_SALES_REPORTByBillNo,dbo,RO_BillingAmount,USER_TABLE,False
dbo,USP_SALES_REPORTByBillNo,dbo,RO_fiscalYear,USER_TABLE,False
dbo,USP_SALES_REPORTByBillNo,dbo,RO_RestroRoom,USER_TABLE,False
dbo,USP_SALES_REPORTByBillNo,dbo,RO_restroTable,USER_TABLE,False
dbo,USP_SALES_REPORTByBillNo,dbo,RO_SalesMaster,USER_TABLE,False
dbo,USP_Sales_Summary_Report,dbo,RO_Sales_View,USER_TABLE,False
dbo,USP_SALSEREPORTBtoday,dbo,RO_fiscalYear,USER_TABLE,False
dbo,USP_SALSEREPORTBtoday,dbo,RO_RestroRoom,USER_TABLE,False
dbo,USP_SALSEREPORTBtoday,dbo,RO_restroTable,USER_TABLE,False
dbo,USP_SALSEREPORTBtoday,dbo,RO_SalesMaster,USER_TABLE,False
dbo,USP_SALSEREPORTBtodayByReportNum,dbo,Ro_AdjustmentType,USER_TABLE,False
dbo,USP_SALSEREPORTBtodayByReportNum,dbo,RO_BillingAmount,USER_TABLE,False
dbo,USP_SALSEREPORTBtodayByReportNum,dbo,RO_BillTerm,USER_TABLE,False
dbo,USP_SALSEREPORTBtodayByReportNum,dbo,RO_fiscalYear,USER_TABLE,False
dbo,USP_SALSEREPORTBtodayByReportNum,dbo,RO_GoodsReceivedDetls,USER_TABLE,False
dbo,USP_SALSEREPORTBtodayByReportNum,dbo,RO_GoodsReceivedMain,USER_TABLE,False
dbo,USP_SALSEREPORTBtodayByReportNum,dbo,RO_LoyaltyMembership,USER_TABLE,False
dbo,USP_SALSEREPORTBtodayByReportNum,dbo,RO_OrderMasters,USER_TABLE,False
dbo,USP_SALSEREPORTBtodayByReportNum,dbo,RO_PaymentModes,USER_TABLE,False
dbo,USP_SALSEREPORTBtodayByReportNum,dbo,RO_PurchasePaymentMode,USER_TABLE,False
dbo,USP_SALSEREPORTBtodayByReportNum,dbo,RO_RestroRoom,USER_TABLE,False
dbo,USP_SALSEREPORTBtodayByReportNum,dbo,RO_restroTable,USER_TABLE,False
dbo,USP_SALSEREPORTBtodayByReportNum,dbo,RO_SalesMaster,USER_TABLE,False
dbo,USP_SALSEREPORTBtodayByReportNum,dbo,ROI_AdjustmentDetls,USER_TABLE,False
dbo,USP_SALSEREPORTBtodayByReportNum,dbo,ROI_AdjustmentMain,USER_TABLE,False
dbo,USP_SALSEREPORTBtodayByReportNum,dbo,ROI_ITEMMain,USER_TABLE,False
dbo,USP_SALSEREPORTBtodayByReportNum,dbo,ROI_PurchaseDetails,USER_TABLE,False
dbo,USP_SALSEREPORTBtodayByReportNum,dbo,ROI_PurchaseMain,USER_TABLE,False
dbo,USP_SALSEREPORTBtodayByReportNum,dbo,ROI_Store,USER_TABLE,False
dbo,USP_SALSEREPORTBtodayByReportNum,dbo,ROI_Unit1,USER_TABLE,False
dbo,USP_SALSEREPORTBYWEEKLY,dbo,RO_fiscalYear,USER_TABLE,False
dbo,USP_SALSEREPORTBYWEEKLY,dbo,RO_RestroRoom,USER_TABLE,False
dbo,USP_SALSEREPORTBYWEEKLY,dbo,RO_restroTable,USER_TABLE,False
dbo,USP_SALSEREPORTBYWEEKLY,dbo,RO_SalesMaster,USER_TABLE,False
dbo,USP_Save_PaymentReceiveVoucher,dbo,Ac_TempTransaction,USER_TABLE,False
dbo,USP_Save_PaymentReceiveVoucher,dbo,Ac_TempTransactionDetail,USER_TABLE,False
dbo,usp_saveAdjustmentDetails,dbo,AdjustmentDetls,,False
dbo,usp_saveAdjustmentMain,dbo,AdjustmentMain,,False
dbo,USP_SaveAdvancePaymentTransaction,dbo,Ac_TempTransaction,USER_TABLE,False
dbo,USP_SaveAdvancePaymentTransaction,dbo,Ac_TempTransactionDetail,USER_TABLE,False
dbo,USP_SaveAdvancePaymentTransaction,dbo,RO_CardProvider,USER_TABLE,False
dbo,USP_SaveAdvancePaymentTransaction,dbo,RO_LoyaltyMembership,USER_TABLE,False
dbo,usp_saveBillterm,dbo,RO_BillTerm,USER_TABLE,False
dbo,USP_SaveCakeOrderToken,dbo,RO_CakeOrderToken,USER_TABLE,False
dbo,usp_saveCanceledOrderDetailItem,dbo,Order_Detail_Cancel,USER_TABLE,False
dbo,USP_SaveCloseDayExpensesTransaction,dbo,Ac_TempTransaction,USER_TABLE,False
dbo,USP_SaveCloseDayExpensesTransaction,dbo,Ac_TempTransactionDetail,USER_TABLE,False
dbo,USP_SaveCloseDayExpensesTransaction,dbo,Ac_VoucherType,USER_TABLE,False
dbo,USP_SaveCloseDayExpensesTransaction,dbo,DailyFinancialReport,USER_TABLE,False
dbo,USP_SaveCloseDayExpensesTransaction,dbo,RO_CompanyInfo,USER_TABLE,False
dbo,usp_saveCompanyInfo,dbo,RO_CompanyInfo,USER_TABLE,False
dbo,usp_saveCompanyInfo,dbo,RO_SalesMaster,USER_TABLE,False
dbo,USP_SAVECOMPLEMENTARYDETAIL,dbo,CompItemStatus,USER_TABLE,False
dbo,USP_SAVECOMPLEMENTARYDETAIL,dbo,CostCenterInfo,USER_TABLE,False
dbo,USP_SAVECOMPLEMENTARYDETAIL,dbo,RO_Combo,USER_TABLE,False
dbo,USP_SAVECOMPLEMENTARYDETAIL,dbo,RO_ComplementaryItems,USER_TABLE,False
dbo,USP_SAVECOMPLEMENTARYDETAIL,dbo,Ro_Ingredient,USER_TABLE,False
dbo,USP_SAVECOMPLEMENTARYDETAIL,dbo,RO_ItemStatus,USER_TABLE,False
dbo,USP_SAVECOMPLEMENTARYDETAIL,dbo,ROI_ComplementryStockTransaction,USER_TABLE,False
dbo,USP_SAVECOMPLEMENTARYDETAIL,dbo,ROI_ItemDetails,USER_TABLE,False
dbo,USP_SAVECOMPLEMENTARYDETAIL,dbo,ROI_ItemRate,USER_TABLE,False
dbo,USP_SAVECOMPLEMENTARYDETAIL,dbo,ROI_StockTransactionMaster,USER_TABLE,False
dbo,USP_SAVECOMPLEMENTARYMASTER,dbo,tblComplementaryMaster,USER_TABLE,False
dbo,USP_SaveCreditPaymentMode,dbo,RO_LoyaltyMembership,USER_TABLE,False
dbo,USP_SaveCreditPaymentMode,dbo,RO_MemberPaymentMode,USER_TABLE,False
dbo,USP_SaveCreditPaymentTransaction,dbo,Ac_TempTransaction,USER_TABLE,False
dbo,USP_SaveCreditPaymentTransaction,dbo,Ac_TempTransactionDetail,USER_TABLE,False
dbo,USP_SaveCreditPaymentTransaction,dbo,RO_CardProvider,USER_TABLE,False
dbo,USP_SaveCreditPaymentTransaction,dbo,RO_CompanyInfo,USER_TABLE,False
dbo,USP_SaveCreditPaymentTransaction,dbo,RO_LoyaltyMembership,USER_TABLE,False
dbo,usp_SaveDBLog,dbo,DBLog,USER_TABLE,False
dbo,USP_SaveExtraCompItems,dbo,Comp_ExtraItem,USER_TABLE,False
dbo,usp_saveGarbage,dbo,CostCenterInfo,USER_TABLE,False
dbo,usp_saveGarbage,dbo,RO_ComboDetails,USER_TABLE,False
dbo,usp_saveGarbage,dbo,RO_GarbageDetail,USER_TABLE,False
dbo,usp_saveGarbage,dbo,RO_GarbageIngredientDetails,USER_TABLE,False
dbo,usp_saveGarbage,dbo,Ro_Ingredient,USER_TABLE,False
dbo,usp_saveGarbage,dbo,RO_MergeTable,USER_TABLE,False
dbo,usp_saveGarbage,dbo,RO_Order_Detail,USER_TABLE,False
dbo,usp_saveGarbage,dbo,RO_OrderItemStatus,USER_TABLE,False
dbo,usp_saveGarbage,dbo,RO_OrderMasters,USER_TABLE,False
dbo,usp_saveGarbage,dbo,RO_restroTable,USER_TABLE,False
dbo,usp_saveGarbage,dbo,ROI_ITEMBal,USER_TABLE,False
dbo,usp_saveGarbage,dbo,ROI_ItemDetails,USER_TABLE,False
dbo,usp_saveGarbage,dbo,ROI_Unit1,USER_TABLE,False
dbo,USP_SaveGlobalizedMenu,dbo,RO_GlobalizedMenu,USER_TABLE,False
dbo,usp_SaveIngredientWithQuantity,dbo,CostCenterInfo,USER_TABLE,False
dbo,usp_SaveIngredientWithQuantity,dbo,Ro_Ingredient,USER_TABLE,False
dbo,usp_SaveIngredientWithQuantity,dbo,ROI_ITEMBal,USER_TABLE,False
dbo,usp_SaveIngredientWithQuantity,dbo,ROI_ItemDetails,USER_TABLE,False
dbo,usp_SaveItemWithUnit,dbo,ROI_ItemRate,USER_TABLE,False
dbo,usp_SaveItemWithUnit,dbo,ROI_ItemRateHistory,USER_TABLE,False
dbo,USP_SaveLoyalityCardType,dbo,LoyalityCardType,USER_TABLE,False
dbo,USP_SaveOrdeToken,dbo,RO_OrderToken,USER_TABLE,False
dbo,USP_SavePointScheme,dbo,RO_CompanyInfo,USER_TABLE,False
dbo,USP_SavePointScheme,dbo,RO_PointScheme,USER_TABLE,False
dbo,USP_SAVEPRODUCITONMASTER,dbo,PR_ProductionInstant,USER_TABLE,False
dbo,USP_SaveProductionDetail,dbo,RO_ProductionDetails,USER_TABLE,False
dbo,USP_SaveProductionDetail,dbo,ROI_ITEMBal,USER_TABLE,False
dbo,USP_SaveProductionMain,dbo,RO_ProductionMain,USER_TABLE,False
dbo,USP_SaveProductionMain,dbo,ROI_ITEMBal,USER_TABLE,False
dbo,USP_SAVEPRODUCTIONRELEASE,dbo,PR_ProductionInstant,USER_TABLE,False
dbo,USP_SAVEPRODUCTIONRELEASE,dbo,PR_ProductRelease,USER_TABLE,False
dbo,USP_SAVEPRODUCTIONRELEASE,dbo,ROI_ITEMBal,USER_TABLE,False
dbo,USP_SAVEPRODUCTIONUSED,dbo,PR_ProductionInstant,USER_TABLE,False
dbo,USP_SAVEPRODUCTIONUSED,dbo,PR_RawUsed,USER_TABLE,False
dbo,USP_SAVEPRODUCTIONUSED,dbo,ROI_ITEMBal,USER_TABLE,False
dbo,USP_SAVEPURCHASEORDER,,tblPurchaseOrder,,False
dbo,USP_SavePurchasePaymentMode,dbo,RO_PurchasePaymentMode,USER_TABLE,False
dbo,USP_SavePurchaseReturnDetails,dbo,RO_PurchaseReturnDetails,USER_TABLE,False
dbo,USP_SavePurchaseReturnDetails,dbo,ROI_StockTransactionMaster,USER_TABLE,False
dbo,Usp_SavePurchaseReturnMain,dbo,ConvertDateToNepali,SQL_SCALAR_FUNCTION,False
dbo,Usp_SavePurchaseReturnMain,dbo,RO_fiscalYear,USER_TABLE,False
dbo,Usp_SavePurchaseReturnMain,dbo,RO_PurchaseReturnMain,USER_TABLE,False
dbo,USP_SavePurchaseReturnPaymentMode,dbo,RO_LoyaltyMembership,USER_TABLE,False
dbo,USP_SavePurchaseReturnPaymentMode,dbo,RO_MemberPay,USER_TABLE,False
dbo,USP_SavePurchaseReturnPaymentMode,dbo,RO_PurchaseReturnPaymentMode,USER_TABLE,False
dbo,USP_SaveRecquistionForVendor,dbo,Req_Recquistion,USER_TABLE,False
dbo,USP_SaveRecquistionForVendor,dbo,Req_RecquistionDetails,USER_TABLE,False
dbo,USP_SaveRecquistionForVendor,dbo,RO_VendorPurchase,USER_TABLE,False
dbo,usp_saveRestro_layout,dbo,Restro_Layout,USER_TABLE,False
dbo,USP_SaveReturnAdvancePaymentTransaction,dbo,Ac_TempTransaction,USER_TABLE,False
dbo,USP_SaveReturnAdvancePaymentTransaction,dbo,Ac_TempTransactionDetail,USER_TABLE,False
dbo,USP_SaveReturnAdvancePaymentTransaction,dbo,Ac_VoucherType,USER_TABLE,False
dbo,USP_SaveReturnAdvancePaymentTransaction,dbo,RO_CardProvider,USER_TABLE,False
dbo,USP_SaveReturnAdvancePaymentTransaction,dbo,RO_LoyaltyMembership,USER_TABLE,False
dbo,USP_SaveReturnAdvancePaymentTransaction,dbo,RO_MemberPay,USER_TABLE,False
dbo,USP_SaveReturnAdvancePaymentTransaction,dbo,RO_MemberPaymentMode,USER_TABLE,False
dbo,USP_SaveReturnAdvancePaymentTransaction,dbo,Ro_RoomBookings,USER_TABLE,False
dbo,USP_SaveReturnPaymentTransaction,dbo,Ac_TempTransaction,USER_TABLE,False
dbo,USP_SaveReturnPaymentTransaction,dbo,Ac_TempTransactionDetail,USER_TABLE,False
dbo,USP_SaveReturnPaymentTransaction,dbo,Ac_VoucherType,USER_TABLE,False
dbo,USP_SaveReturnPaymentTransaction,dbo,RO_CardProvider,USER_TABLE,False
dbo,USP_SaveReturnPaymentTransaction,dbo,RO_LoyaltyMembership,USER_TABLE,False
dbo,USP_SaveReturnPaymentTransaction,dbo,RO_MemberPay,USER_TABLE,False
dbo,USP_SaveReturnPaymentTransaction,dbo,RO_MemberPaymentMode,USER_TABLE,False
dbo,usp_SaveSettings,dbo,MembershipSettings,USER_TABLE,False
dbo,usp_SaveStockVariance,dbo,ROI_ITEMBal,USER_TABLE,False
dbo,usp_SaveStockVariance,dbo,ROI_StockVariance,USER_TABLE,False
dbo,USP_SAVESTORE,dbo,ROI_Store,USER_TABLE,False
dbo,usp_SaveSuspendedIP,dbo,SuspendedIP,USER_TABLE,False
dbo,usp_SaveTransactionForPurchase,dbo,Ac_FinancialAc,USER_TABLE,False
dbo,usp_SaveTransactionForPurchase,dbo,Ac_TempTransaction,USER_TABLE,False
dbo,usp_SaveTransactionForPurchase,dbo,Ac_TempTransactionDetail,USER_TABLE,False
dbo,usp_SaveTransactionForPurchase,dbo,Ac_VoucherType,USER_TABLE,False
dbo,usp_SaveTransactionForPurchase,dbo,RO_CardProvider,USER_TABLE,False
dbo,usp_SaveTransactionForPurchase,dbo,RO_GoodsReceivedDetls,USER_TABLE,False
dbo,usp_SaveTransactionForPurchase,dbo,RO_GoodsReceivedMain,USER_TABLE,False
dbo,usp_SaveTransactionForPurchase,dbo,RO_LoyaltyMembership,USER_TABLE,False
dbo,usp_SaveTransactionForPurchase,dbo,RO_PurchasePaymentMode,USER_TABLE,False
dbo,usp_SaveTransactionForPurchase,dbo,ROI_PurchaseDetails,USER_TABLE,False
dbo,usp_SaveTransactionForPurchase,dbo,ROI_PurchaseMain,USER_TABLE,False
dbo,usp_SaveTransactionForPurchase,dbo,ROI_Store,USER_TABLE,False
dbo,usp_SaveTransactionForPurchaseReturn,dbo,Ac_TempTransaction,USER_TABLE,False
dbo,usp_SaveTransactionForPurchaseReturn,dbo,Ac_TempTransactionDetail,USER_TABLE,False
dbo,usp_SaveTransactionForPurchaseReturn,dbo,Ac_VoucherType,USER_TABLE,False
dbo,usp_SaveTransactionForPurchaseReturn,dbo,RO_CardProvider,USER_TABLE,False
dbo,usp_SaveTransactionForPurchaseReturn,dbo,RO_GoodsReceivedDetls,USER_TABLE,False
dbo,usp_SaveTransactionForPurchaseReturn,dbo,RO_GoodsReceivedMain,USER_TABLE,False
dbo,usp_SaveTransactionForPurchaseReturn,dbo,RO_LoyaltyMembership,USER_TABLE,False
dbo,usp_SaveTransactionForPurchaseReturn,dbo,RO_PurchaseReturnDetails,USER_TABLE,False
dbo,usp_SaveTransactionForPurchaseReturn,dbo,RO_PurchaseReturnMain,USER_TABLE,False
dbo,usp_SaveTransactionForPurchaseReturn,dbo,RO_PurchaseReturnPaymentMode,USER_TABLE,False
dbo,usp_SaveTransactionForSales,dbo,Ac_TempTransaction,USER_TABLE,False
dbo,usp_SaveTransactionForSales,dbo,Ac_TempTransactionDetail,USER_TABLE,False
dbo,usp_SaveTransactionForSales,dbo,Ac_VoucherType,USER_TABLE,False
dbo,usp_SaveTransactionForSales,dbo,CostCenterInfo,USER_TABLE,False
dbo,usp_SaveTransactionForSales,dbo,RO_BillingAmount,USER_TABLE,False
dbo,usp_SaveTransactionForSales,dbo,RO_CardProvider,USER_TABLE,False
dbo,usp_SaveTransactionForSales,dbo,RO_CompanyInfo,USER_TABLE,False
dbo,usp_SaveTransactionForSales,dbo,RO_CostCenterGroup,USER_TABLE,False
dbo,usp_SaveTransactionForSales,dbo,RO_fiscalYear,USER_TABLE,False
dbo,usp_SaveTransactionForSales,dbo,ro_flatandPerDiscount,USER_TABLE,False
dbo,usp_SaveTransactionForSales,dbo,RO_LoyaltyMembership,USER_TABLE,False
dbo,usp_SaveTransactionForSales,dbo,RO_OrderMasters,USER_TABLE,False
dbo,usp_SaveTransactionForSales,dbo,Ro_RoomBookings,USER_TABLE,False
dbo,usp_SaveTransactionForSales,dbo,RO_SalesDetail,USER_TABLE,False
dbo,usp_SaveTransactionForSales,dbo,RO_SalesDetailExtra,USER_TABLE,False
dbo,usp_SaveTransactionForSales,dbo,RO_SalesMaster,USER_TABLE,False
dbo,usp_SaveTransactionForSales,dbo,RO_SalesPaymentMode,USER_TABLE,False
dbo,usp_SaveTransactionForSalesReturn,dbo,Ac_TempTransaction,USER_TABLE,False
dbo,usp_SaveTransactionForSalesReturn,dbo,Ac_TempTransactionDetail,USER_TABLE,False
dbo,usp_SaveTransactionForSalesReturn,dbo,Ac_VoucherType,USER_TABLE,False
dbo,usp_SaveTransactionForSalesReturn,dbo,CostCenterInfo,USER_TABLE,False
dbo,usp_SaveTransactionForSalesReturn,dbo,RO_BillingAmount,USER_TABLE,False
dbo,usp_SaveTransactionForSalesReturn,dbo,RO_CardProvider,USER_TABLE,False
dbo,usp_SaveTransactionForSalesReturn,dbo,RO_CompanyInfo,USER_TABLE,False
dbo,usp_SaveTransactionForSalesReturn,dbo,RO_CostCenterGroup,USER_TABLE,False
dbo,usp_SaveTransactionForSalesReturn,dbo,RO_fiscalYear,USER_TABLE,False
dbo,usp_SaveTransactionForSalesReturn,dbo,ro_flatandPerDiscount,USER_TABLE,False
dbo,usp_SaveTransactionForSalesReturn,dbo,RO_LoyaltyMembership,USER_TABLE,False
dbo,usp_SaveTransactionForSalesReturn,dbo,RO_OrderMasters,USER_TABLE,False
dbo,usp_SaveTransactionForSalesReturn,dbo,Ro_RoomBookings,USER_TABLE,False
dbo,usp_SaveTransactionForSalesReturn,dbo,RO_SalesDetail,USER_TABLE,False
dbo,usp_SaveTransactionForSalesReturn,dbo,RO_SalesDetailExtra,USER_TABLE,False
dbo,usp_SaveTransactionForSalesReturn,dbo,RO_SalesMaster,USER_TABLE,False
dbo,usp_SaveTransactionForSalesReturn,dbo,RO_SalesPaymentMode,USER_TABLE,False
dbo,Usp_saveTransctionByID,dbo,Ac_FinancialAc,USER_TABLE,False
dbo,Usp_saveTransctionByID,dbo,Ac_TempTransaction,USER_TABLE,False
dbo,Usp_saveTransctionByID,dbo,Ac_TempTransactionDetail,USER_TABLE,False
dbo,Usp_saveTransctionByID,dbo,Ac_Transaction,USER_TABLE,False
dbo,Usp_saveTransctionByID,dbo,Ac_TransactionDetail,USER_TABLE,False
dbo,Usp_saveTransctionByID,dbo,Ac_VoucherType,USER_TABLE,False
dbo,usp_SaveWaiterDetailForNotification,dbo,WaiterNotificationLog,USER_TABLE,False
dbo,usp_ScheduleDateAdd,dbo,ScheduleDate,USER_TABLE,False
dbo,usp_ScheduleDateAdd,dbo,Split,SQL_TABLE_VALUED_FUNCTION,False
dbo,usp_ScheduleDateGetNextCalendarDate,dbo,ScheduleDate,USER_TABLE,False
dbo,usp_ScheduleDateGetNextMonth,dbo,ScheduleMonth,USER_TABLE,False
dbo,usp_ScheduleDayAdd,dbo,ScheduleDay,USER_TABLE,False
dbo,usp_ScheduleDayAdd,dbo,Split,SQL_TABLE_VALUED_FUNCTION,False
dbo,usp_ScheduleDeleteTask,dbo,Schedule,USER_TABLE,False
dbo,usp_ScheduleDeleteTask,dbo,ScheduleDate,USER_TABLE,False
dbo,usp_ScheduleDeleteTask,dbo,ScheduleDay,USER_TABLE,False
dbo,usp_ScheduleDeleteTask,dbo,ScheduleHistory,USER_TABLE,False
dbo,usp_ScheduleDeleteTask,dbo,ScheduleMonth,USER_TABLE,False
dbo,usp_ScheduleDeleteTask,dbo,ScheduleWeek,USER_TABLE,False
dbo,usp_ScheduleGet,dbo,Schedule,USER_TABLE,False
dbo,usp_ScheduleGetAll,dbo,Schedule,USER_TABLE,False
dbo,usp_ScheduleGetAll,dbo,ScheduleHistory,USER_TABLE,False
dbo,usp_ScheduleGetAllActive,dbo,Schedule,USER_TABLE,False
dbo,usp_ScheduleGetAllActive,dbo,ScheduleHistory,USER_TABLE,False
dbo,usp_ScheduleGetAllCount,dbo,Schedule,USER_TABLE,False
dbo,usp_ScheduleGetHistory,dbo,Schedule,USER_TABLE,False
dbo,usp_ScheduleGetHistory,dbo,ScheduleHistory,USER_TABLE,False
dbo,usp_ScheduleHistoryAdd,dbo,ScheduleHistory,USER_TABLE,False
dbo,usp_ScheduleHistoryGet,dbo,ScheduleHistory,USER_TABLE,False
dbo,usp_ScheduleHistoryGetMax,dbo,ScheduleHistory,USER_TABLE,False
dbo,usp_ScheduleHistoryNextStartUpdate,dbo,Schedule,USER_TABLE,False
dbo,usp_ScheduleHistoryNextStartUpdate,dbo,ScheduleDate,USER_TABLE,False
dbo,usp_ScheduleHistoryNextStartUpdate,dbo,ScheduleHistory,USER_TABLE,False
dbo,usp_ScheduleHistoryNextStartUpdate,dbo,ScheduleMonth,USER_TABLE,False
dbo,usp_ScheduleHistoryNextStartUpdate,dbo,ScheduleWeek,USER_TABLE,False
dbo,usp_ScheduleHistoryRetrieve,dbo,Schedule,USER_TABLE,False
dbo,usp_ScheduleHistoryRetrieve,dbo,ScheduleHistory,USER_TABLE,False
dbo,usp_ScheduleHistoryUpdate,dbo,ScheduleHistory,USER_TABLE,False
dbo,usp_ScheduleMonthAdd,dbo,ScheduleMonth,USER_TABLE,False
dbo,usp_ScheduleMonthAdd,dbo,Split,SQL_TABLE_VALUED_FUNCTION,False
dbo,usp_SchedulerAddJob,dbo,Schedule,USER_TABLE,False
dbo,usp_ScheduleRepeatOptionsDelete,dbo,ScheduleDate,USER_TABLE,False
dbo,usp_ScheduleRepeatOptionsDelete,dbo,ScheduleDay,USER_TABLE,False
dbo,usp_ScheduleRepeatOptionsDelete,dbo,ScheduleMonth,USER_TABLE,False
dbo,usp_ScheduleRepeatOptionsDelete,dbo,ScheduleWeek,USER_TABLE,False
dbo,usp_SchedulesGetCurrent,dbo,Schedule,USER_TABLE,False
dbo,usp_SchedulesGetCurrent,dbo,ScheduleDate,USER_TABLE,False
dbo,usp_SchedulesGetCurrent,dbo,ScheduleHistory,USER_TABLE,False
dbo,usp_SchedulesGetCurrent,dbo,ScheduleMonth,USER_TABLE,False
dbo,usp_SchedulesGetCurrent,dbo,ScheduleWeek,USER_TABLE,False
dbo,usp_ScheduleUpdate,dbo,Schedule,USER_TABLE,False
dbo,usp_ScheduleWeekAdd,dbo,ScheduleWeek,USER_TABLE,False
dbo,usp_ScheduleWeekAdd,dbo,Split,SQL_TABLE_VALUED_FUNCTION,False
dbo,usp_ScheduleWeekGetNextWeek,dbo,ScheduleWeek,USER_TABLE,False
dbo,usp_SearchForm,,Form,,False
dbo,usp_SearchFormValue,,Form,,False
dbo,usp_SearchFormValue,,FormFields,,False
dbo,usp_SearchFormValue,,FormFieldValue,,False
dbo,usp_SearchFormValue,dbo,Split,SQL_TABLE_VALUED_FUNCTION,False
dbo,USP_SearchMenuItem,dbo,CostCenterInfo,USER_TABLE,False
dbo,USP_SearchMenuItem,dbo,RO_ExtraItem,USER_TABLE,False
dbo,USP_SearchMenuItem,dbo,ROI_ItemDetails,USER_TABLE,False
dbo,USP_SearchMenuItem,dbo,ROI_ITEMMain,USER_TABLE,False
dbo,USP_SearchMenuItem,dbo,ROI_ItemRate,USER_TABLE,False
dbo,usp_SearchResultPageExists,dbo,PageMenu,USER_TABLE,False
dbo,usp_SearchResultPageExists,dbo,Pages,USER_TABLE,False
dbo,usp_SEODeleteExistingRobots,dbo,Portal,USER_TABLE,False
dbo,usp_SEODeleteExistingRobots,dbo,robots,USER_TABLE,False
dbo,usp_SEOGenerateRobots,dbo,robots,USER_TABLE,False
dbo,usp_SEOGetPages,dbo,PageMenu,USER_TABLE,False
dbo,usp_SEOGetPages,dbo,Pages,USER_TABLE,False
dbo,usp_SEOGetPages,dbo,Portal,USER_TABLE,False
dbo,usp_SEOGetRobots,dbo,Pages,USER_TABLE,False
dbo,usp_SEOSaveRobotsPage,dbo,robots,USER_TABLE,False
dbo,usp_sf_CreateRole,,usp_PortalRoleAdd,,False
dbo,usp_sf_CreateRole,dbo,aspnet_Applications_CreateApplication,SQL_STORED_PROCEDURE,False
dbo,usp_sf_CreateRole,dbo,aspnet_Roles,USER_TABLE,False
dbo,usp_sf_CreateRole,dbo,MembershipSettings,USER_TABLE,False
dbo,usp_sf_CreateRole,dbo,PortalRole,USER_TABLE,False
dbo,usp_sf_CreateUser,dbo,aspnet_Applications_CreateApplication,SQL_STORED_PROCEDURE,False
dbo,usp_sf_CreateUser,dbo,aspnet_Membership,USER_TABLE,False
dbo,usp_sf_CreateUser,dbo,aspnet_Users,USER_TABLE,False
dbo,usp_sf_CreateUser,dbo,aspnet_Users_CreateUser,SQL_STORED_PROCEDURE,False
dbo,usp_sf_CreateUser,dbo,MembershipSettings,USER_TABLE,False
dbo,usp_sf_CreateUser,dbo,PortalUser,USER_TABLE,False
dbo,usp_sf_CreateUser,dbo,usp_PortalUsersAdd,SQL_STORED_PROCEDURE,False
dbo,usp_sf_CreateUser,dbo,usp_sf_UserInRolesAdd,SQL_STORED_PROCEDURE,False
dbo,usp_sf_CreateUser,dbo,usp_UsersAdd,SQL_STORED_PROCEDURE,False
dbo,usp_sf_ResetPassword,dbo,aspnet_Membership,USER_TABLE,False
dbo,usp_sf_UserInRolesAdd,dbo,aspnet_Applications,USER_TABLE,False
dbo,usp_sf_UserInRolesAdd,dbo,aspnet_Roles,USER_TABLE,False
dbo,usp_sf_UserInRolesAdd,dbo,aspnet_UsersInRoles,USER_TABLE,False
dbo,usp_sf_UserInRolesAdd,dbo,PortalRole,USER_TABLE,False
dbo,usp_sf_UserInRolesDelete,dbo,aspnet_UsersInRoles,USER_TABLE,False
dbo,usp_sf_UsersUpdate,dbo,aspnet_Applications,USER_TABLE,False
dbo,usp_sf_UsersUpdate,dbo,aspnet_Membership,USER_TABLE,False
dbo,usp_sf_UsersUpdate,dbo,Aspx_Customer,,False
dbo,usp_sf_UsersUpdate,dbo,MembershipSettings,USER_TABLE,False
dbo,usp_sf_UsersUpdate,dbo,PortalUser,USER_TABLE,False
dbo,usp_sf_UsersUpdate,dbo,UserDetails,USER_TABLE,False
dbo,usp_sf_UsersUpdate,dbo,Users,USER_TABLE,False
dbo,usp_sftemplate_activate,dbo,sftemplate,USER_TABLE,False
dbo,usp_sftemplate_GetActiveTemplate,dbo,sftemplate,USER_TABLE,False
dbo,usp_sftemplate_updactive,dbo,sftemplate,USER_TABLE,False
dbo,USP_SHORTURL_DECODE,dbo,ShortUrl,USER_TABLE,False
dbo,USP_SHORTURL_ENCODE,dbo,ShortUrl,USER_TABLE,False
dbo,usp_SiteAnalyticsSettingAddUpdate,dbo,DashBoardSettingValue,USER_TABLE,False
dbo,usp_SortAdminPages,dbo,Pages,USER_TABLE,False
dbo,usp_SortPages,dbo,Pages,USER_TABLE,False
dbo,usp_SortPages,dbo,sp_UpdateChildLevelTabPath,SQL_STORED_PROCEDURE,False
dbo,USP_STOCKREPORT,dbo,ROI_ITEMBal,USER_TABLE,False
dbo,USP_STOCKREPORT,dbo,ROI_ITEMMain,USER_TABLE,False
dbo,USP_STOCKREPORT,dbo,ROI_PurchaseLotNo,USER_TABLE,False
dbo,USP_STOCKREPORT,dbo,ROI_Store,USER_TABLE,False
dbo,USP_STOCKREPORTAll,dbo,ROI_ITEMBal,USER_TABLE,False
dbo,USP_STOCKREPORTAll,dbo,ROI_ItemDetails,USER_TABLE,False
dbo,USP_STOCKREPORTAll,dbo,ROI_ITEMMain,USER_TABLE,False
dbo,USP_STOCKREPORTAll,dbo,ROI_Store,USER_TABLE,False
dbo,USP_STOCKREPORTAll,dbo,ROI_Unit1,USER_TABLE,False
dbo,USP_STOCKREPORTMONTHLY,dbo,ROI_ITEMBal,USER_TABLE,False
dbo,USP_STOCKREPORTMONTHLY,dbo,ROI_ITEMMain,USER_TABLE,False
dbo,USP_STOCKREPORTMONTHLY,dbo,ROI_PurchaseLotNo,USER_TABLE,False
dbo,USP_STOCKREPORTMONTHLY,dbo,ROI_Store,USER_TABLE,False
dbo,USP_STOCKREPORTRANGE,dbo,ROI_ITEMBal,USER_TABLE,False
dbo,USP_STOCKREPORTRANGE,dbo,ROI_ITEMMain,USER_TABLE,False
dbo,USP_STOCKREPORTRANGE,dbo,ROI_PurchaseLotNo,USER_TABLE,False
dbo,USP_STOCKREPORTRANGE,dbo,ROI_Store,USER_TABLE,False
dbo,USP_STOCKREPORTWEEKLY,dbo,ROI_ITEMBal,USER_TABLE,False
dbo,USP_STOCKREPORTWEEKLY,dbo,ROI_ITEMMain,USER_TABLE,False
dbo,USP_STOCKREPORTWEEKLY,dbo,ROI_PurchaseLotNo,USER_TABLE,False
dbo,USP_STOCKREPORTWEEKLY,dbo,ROI_Store,USER_TABLE,False
dbo,USP_STOCKREPORTYEAR,dbo,ROI_ITEMBal,USER_TABLE,False
dbo,USP_STOCKREPORTYEAR,dbo,ROI_ITEMMain,USER_TABLE,False
dbo,USP_STOCKREPORTYEAR,dbo,ROI_Store,USER_TABLE,False
dbo,usp_storedetails,dbo,ROI_Store,USER_TABLE,False
dbo,usp_storedetails,dbo,ROI_Unit1,USER_TABLE,False
dbo,usp_storedetails,dbo,StoreItemMinimumStock,USER_TABLE,False
dbo,usp_TableLayout_DeleteByID,dbo,TableLayout,,False
dbo,usp_TableLayout_GetallData,,TableLayout,,False
dbo,usp_TableLayout_GetByID,,TableLayout,,False
dbo,usp_TableLayout_Insert,dbo,TableLayout,,False
dbo,usp_TableLayout_Update,dbo,TableLayout,,False
dbo,usp_TaskToDo_DeleteTask,dbo,TaskToDo,USER_TABLE,False
dbo,usp_TaskToDo_GetTask,dbo,TaskToDo,USER_TABLE,False
dbo,usp_TaskToDo_GetTaskContent,dbo,TaskToDo,USER_TABLE,False
dbo,usp_TaskToDo_InsertTask,dbo,TaskToDo,USER_TABLE,False
dbo,usp_Template_InsertModule,dbo,aspnet_Roles,USER_TABLE,False
dbo,usp_Template_InsertModule,dbo,ModuleDefinitions,USER_TABLE,False
dbo,usp_Template_InsertModule,dbo,ModuleDefPermission,USER_TABLE,False
dbo,usp_Template_InsertModule,dbo,Modules,USER_TABLE,False
dbo,usp_Template_InsertModule,dbo,PageModules,USER_TABLE,False
dbo,usp_Template_InsertModule,dbo,PortalModules,USER_TABLE,False
dbo,usp_Template_InsertModule,dbo,Split,SQL_TABLE_VALUED_FUNCTION,False
dbo,usp_Template_InsertModule,dbo,UserModulePermission,USER_TABLE,False
dbo,usp_Template_InsertModule,dbo,UserModules,USER_TABLE,False
dbo,usp_Template_InsertPage,dbo,aspnet_Roles,USER_TABLE,False
dbo,usp_Template_InsertPage,dbo,PageMenu,USER_TABLE,False
dbo,usp_Template_InsertPage,dbo,PagePermission,USER_TABLE,False
dbo,usp_Template_InsertPage,dbo,Pages,USER_TABLE,False
dbo,usp_Template_InsertPage,dbo,Split,SQL_TABLE_VALUED_FUNCTION,False
dbo,usp_Template_MenuUpdate,dbo,Menu,USER_TABLE,False
dbo,usp_Template_MenuUpdate,dbo,MenuItem,USER_TABLE,False
dbo,usp_Template_MenuUpdate,dbo,MenuMgrSettingValue,USER_TABLE,False
dbo,usp_Template_MenuUpdate,dbo,SageMenuSettingValue,USER_TABLE,False
dbo,usp_Template_MenuUpdate,dbo,Split,SQL_TABLE_VALUED_FUNCTION,False
dbo,usp_Template_PageIDUpdates,dbo,Pages,USER_TABLE,False
dbo,usp_Template_PageIDUpdates,dbo,Split,SQL_TABLE_VALUED_FUNCTION,False
dbo,usp_Template_PageIDUpdates,dbo,UserModules,USER_TABLE,False
dbo,usp_Template_ParentIDUpdate,dbo,MenuItem,USER_TABLE,False
dbo,usp_Template_ParentIDUpdate,dbo,Split,SQL_TABLE_VALUED_FUNCTION,False
dbo,usp_TemplateGetPortalTemplate,dbo,sftemplate,USER_TABLE,False
dbo,usp_topLists,dbo,RO_Order_Detail,USER_TABLE,False
dbo,usp_topLists,dbo,ROI_ITEMMain,USER_TABLE,False
dbo,usp_topListsTable,dbo,RO_restroTable,USER_TABLE,False
dbo,usp_topListsTable,dbo,RO_SalesMaster,USER_TABLE,False
dbo,usp_TrackSettingAddUpdate,dbo,TrackSettingValue,USER_TABLE,False
dbo,usp_TrackSettingGetAll,dbo,TrackSettingKey,USER_TABLE,False
dbo,usp_TrackSettingGetAll,dbo,TrackSettingValue,USER_TABLE,False
dbo,usp_TrackSettingsGet,dbo,TrackSettingKey,USER_TABLE,False
dbo,usp_TrackSettingsGet,dbo,TrackSettingValue,USER_TABLE,False
dbo,usp_TutorialRssContentGet,dbo,TutorialRssContent,USER_TABLE,False
dbo,usp_TutorialRssContentUpdate,dbo,TutorialRssContent,USER_TABLE,False
dbo,USP_UPDATE_MEMBERSHIP,dbo,RO_LoyaltyMembership,USER_TABLE,False
dbo,USP_UPDATE_MEMBERSHIP,dbo,RO_MemberPay,USER_TABLE,False
dbo,USP_UPDATE_MEMBERSHIP_PAIDAMOUNT,dbo,RO_LoyaltyMembership,USER_TABLE,False
dbo,USP_UPDATE_MembershipBalance,dbo,RO_LoyaltyMembership,USER_TABLE,False
dbo,USP_UPDATE_MembershipBalance,dbo,RO_MemberPay,USER_TABLE,False
dbo,USP_UpdateAcc,dbo,RO_BillingAmount,USER_TABLE,False
dbo,USP_UpdateAcc,dbo,RO_Order_Detail,USER_TABLE,False
dbo,USP_UpdateAcc,dbo,RO_OrderMasters,USER_TABLE,False
dbo,USP_UpdateAcc,dbo,RO_SalesDetail,USER_TABLE,False
dbo,USP_UpdateAcc,dbo,RO_SalesMaster,USER_TABLE,False
dbo,USP_UpdateAcc,dbo,RO_SalesPaymentMode,USER_TABLE,False
dbo,usp_UpdateFormField,,FormFields,,False
dbo,usp_UpdateMemberBalance,dbo,RO_LoyaltyMembership,USER_TABLE,False
dbo,USP_UpdateReq_RecquistionDetails,dbo,Req_Recquistion,USER_TABLE,False
dbo,USP_UpdateReq_RecquistionDetails,dbo,Req_RecquistionDetails,USER_TABLE,False
dbo,usp_UpdateRoleCreditLimit,dbo,aspnet_Roles,USER_TABLE,False
dbo,usp_UpdateSuspendedIP,dbo,SuspendedIP,USER_TABLE,False
dbo,usp_UpdateSystemEventStartUp,dbo,PortalStartUp,USER_TABLE,False
dbo,USP_UpdateVendorBalanceOnPurchaseReturn,dbo,RO_LoyaltyMembership,USER_TABLE,False
dbo,USP_UpdateVendorBalanceOnPurchaseReturn,dbo,RO_MemberPay,USER_TABLE,False
dbo,USP_UpdateVendorBalanceOnPurchaseReturn,dbo,RO_PurchaseReturnDetails,USER_TABLE,False
dbo,USP_UpdateVerification,dbo,ROI_IssueMain,USER_TABLE,False
dbo,usp_UserAgentGetType,dbo,UserAgent,USER_TABLE,False
dbo,usp_UserAgentSaveType,dbo,UserAgent,USER_TABLE,False
dbo,usp_UserModuleGetPermissions,dbo,ModuleDefPermission,USER_TABLE,False
dbo,usp_UserModuleGetPermissions,dbo,UserModulePermission,USER_TABLE,False
dbo,usp_UserModuleHistory,dbo,UserModules,USER_TABLE,False
dbo,usp_UserModuleHistory,dbo,UserModules_History,USER_TABLE,False
dbo,usp_UserModuleIsEditAllowed,dbo,aspnet_Users,USER_TABLE,False
dbo,usp_UserModuleIsEditAllowed,dbo,aspnet_UsersInRoles,USER_TABLE,False
dbo,usp_UserModuleIsEditAllowed,dbo,ModuleDefPermission,USER_TABLE,False
dbo,usp_UserModuleIsEditAllowed,dbo,UserModulePermission,USER_TABLE,False
dbo,usp_UserModulePermissionDelete,dbo,UserModulePermission,USER_TABLE,False
dbo,usp_UserModules_Add,dbo,usp_PageModulesAdd,SQL_STORED_PROCEDURE,False
dbo,usp_UserModules_Add,dbo,usp_UserModulesAdd,SQL_STORED_PROCEDURE,False
dbo,usp_UserModules_Add,dbo,usp_UserModulesPermissionAdd,SQL_STORED_PROCEDURE,False
dbo,usp_UserModulesAdd,dbo,ModuleControls,USER_TABLE,False
dbo,usp_UserModulesAdd,dbo,UserModules,USER_TABLE,False
dbo,usp_UserModulesDelete,dbo,PageModules,USER_TABLE,False
dbo,usp_UserModulesDelete,dbo,PageModules_History,USER_TABLE,False
dbo,usp_UserModulesDelete,dbo,UserModules,USER_TABLE,False
dbo,usp_UserModulesGetDetails,dbo,ModuleDefinitions,USER_TABLE,False
dbo,usp_UserModulesGetDetails,dbo,Modules,USER_TABLE,False
dbo,usp_UserModulesGetDetails,dbo,PageModules,USER_TABLE,False
dbo,usp_UserModulesGetDetails,dbo,UserModules,USER_TABLE,False
dbo,usp_usermodulesgetpagemodules,dbo,PageMenu,USER_TABLE,False
dbo,usp_usermodulesgetpagemodules,dbo,PageModules,USER_TABLE,False
dbo,usp_usermodulesgetpagemodules,dbo,Pages,USER_TABLE,False
dbo,usp_usermodulesgetpagemodules,dbo,UserModules,USER_TABLE,False
dbo,usp_UserModulesInheritedPermissionAdd,dbo,ModuleDefPermission,USER_TABLE,False
dbo,usp_UserModulesInheritedPermissionAdd,dbo,PagePermission,USER_TABLE,False
dbo,usp_UserModulesInheritedPermissionAdd,dbo,UserModulePermission,USER_TABLE,False
dbo,usp_UserModulesPermissionAdd,dbo,ModuleDefPermission,USER_TABLE,False
dbo,usp_UserModulesPermissionAdd,dbo,UserModulePermission,USER_TABLE,False
dbo,usp_UserModulesUpdate,dbo,UserModules,USER_TABLE,False
dbo,usp_UserProfilePicDelete,dbo,UserDetails,USER_TABLE,False
dbo,USP_UserRolebyUsername,dbo,aspnet_Roles,USER_TABLE,False
dbo,USP_UserRolebyUsername,dbo,aspnet_UsersInRoles,USER_TABLE,False
dbo,USP_UserRolebyUsername,dbo,PortalUser,USER_TABLE,False
dbo,USP_UserRolebyUsername,dbo,Users,USER_TABLE,False
dbo,usp_UsersAdd,dbo,Users,USER_TABLE,False
dbo,usp_UsersDelete,,Aspx_Cart,,False
dbo,usp_UsersDelete,,Aspx_CompareItemDetails,,False
dbo,usp_UsersDelete,,Aspx_WishItemDetails,,False
dbo,usp_UsersDelete,dbo,aspnet_Membership,USER_TABLE,False
dbo,usp_UsersDelete,dbo,aspnet_Users,USER_TABLE,False
dbo,usp_UsersDelete,dbo,aspnet_UsersInRoles,USER_TABLE,False
dbo,usp_UsersDelete,dbo,Aspx_Address,,False
dbo,usp_UsersDelete,dbo,Aspx_Cart,,False
dbo,usp_UsersDelete,dbo,Aspx_CartItems,,False
dbo,usp_UsersDelete,dbo,Aspx_CompareItemDetails,,False
dbo,usp_UsersDelete,dbo,Aspx_CompareItems,,False
dbo,usp_UsersDelete,dbo,Aspx_Customer,,False
dbo,usp_UsersDelete,dbo,Aspx_EmailAFriend,,False
dbo,usp_UsersDelete,dbo,Aspx_EmailShareWishList,,False
dbo,usp_UsersDelete,dbo,Aspx_ItemRating,,False
dbo,usp_UsersDelete,dbo,Aspx_ItemReview,,False
dbo,usp_UsersDelete,dbo,Aspx_ItemTags,,False
dbo,usp_UsersDelete,dbo,Aspx_RecentlyComparedItems,,False
dbo,usp_UsersDelete,dbo,Aspx_RecentlyViewedItems,,False
dbo,usp_UsersDelete,dbo,Aspx_UserBillingAddress,,False
dbo,usp_UsersDelete,dbo,Aspx_UserShippingAddress,,False
dbo,usp_UsersDelete,dbo,Aspx_WishItemDetails,,False
dbo,usp_UsersDelete,dbo,Aspx_WishItems,,False
dbo,usp_UsersDelete,dbo,PortalUser,USER_TABLE,False
dbo,usp_UsersDelete,dbo,Users,USER_TABLE,False
dbo,usp_UsersGetAll,dbo,aspnet_Membership,USER_TABLE,False
dbo,usp_UsersGetAll,dbo,aspnet_Users,USER_TABLE,False
dbo,usp_UsersGetAll,dbo,PortalUser,USER_TABLE,False
dbo,usp_vault_CounterPerson_getData,dbo,tblCounterPerson,USER_TABLE,False
dbo,usp_vaultCounterPerson_Insert,dbo,tblCounterPerson,USER_TABLE,False
dbo,usp_VaultData_Insert,dbo,tbl_Roi_Data,USER_TABLE,False
dbo,usp_VaultData_InsertForCounterTotal,dbo,tbl_Roi_Data,USER_TABLE,False
dbo,usp_VaultData_InsertForCounterTransaction,dbo,tbl_Roi_Data,USER_TABLE,False
dbo,usp_VaultReport,dbo,tbl_Roi_Data,USER_TABLE,False
dbo,usp_VaultReport,dbo,tbl_ROVaultNote,USER_TABLE,False
dbo,usp_VaultReport,dbo,tbl_ROVaultTotal,USER_TABLE,False
dbo,usp_VaultReportForCoin,dbo,tbl_Roi_Data,USER_TABLE,False
dbo,usp_VaultReportForCoin,dbo,tbl_ROVaultNote,USER_TABLE,False
dbo,usp_VaultReportForCoin,dbo,tbl_ROVaultTotal,USER_TABLE,False
dbo,usp_vaultReportTotal,dbo,tbl_ROVaultTotal,USER_TABLE,False
dbo,usp_vaultTotal_getOpenBalance,dbo,tbl_ROVaultTotal,USER_TABLE,False
dbo,usp_VaultTotal_Insert,dbo,tbl_ROVaultTotal,USER_TABLE,False
dbo,usp_VaultTotal_validation,dbo,tbl_ROVaultTotal,USER_TABLE,False
dbo,usp_venderForDropDown,dbo,RO_LoyaltyMembership,USER_TABLE,False
dbo,USPDELETEALREADYDATA,dbo,PR_ProductionInstant,USER_TABLE,False
dbo,USPDELETEALREADYDATA,dbo,PR_ProductRelease,USER_TABLE,False
dbo,USPDELETEALREADYDATA,dbo,PR_RawUsed,USER_TABLE,False
dbo,vw_aspnet_Applications,dbo,aspnet_Applications,USER_TABLE,False
dbo,vw_aspnet_MembershipUsers,dbo,aspnet_Membership,USER_TABLE,False
dbo,vw_aspnet_MembershipUsers,dbo,aspnet_Users,USER_TABLE,False
dbo,vw_aspnet_Profiles,dbo,aspnet_Profile,USER_TABLE,False
dbo,vw_aspnet_Roles,dbo,aspnet_Roles,USER_TABLE,False
dbo,vw_aspnet_Users,dbo,aspnet_Users,USER_TABLE,False
dbo,vw_aspnet_UsersInRoles,dbo,aspnet_UsersInRoles,USER_TABLE,False
dbo,vw_aspnet_WebPartState_Paths,dbo,aspnet_Paths,USER_TABLE,False
dbo,vw_aspnet_WebPartState_Shared,dbo,aspnet_PersonalizationAllUsers,USER_TABLE,False
dbo,vw_aspnet_WebPartState_User,dbo,aspnet_PersonalizationPerUser,USER_TABLE,False
dbo,vw_CakeBillingDetails,dbo,RO_CAKE_SalesPaymentMode,USER_TABLE,False
dbo,vw_CakeBillingDetails,dbo,RO_CakeSalesMaster,USER_TABLE,False
dbo,vw_CakeBillingDetails,dbo,RO_CompanyInfo,USER_TABLE,False
dbo,vw_CakeBillingDetails,dbo,RO_Discount,USER_TABLE,False
dbo,vw_CakeBillingDetails,dbo,RO_fiscalYear,USER_TABLE,False
dbo,vw_CakeBillingDetails,dbo,RO_PaymentModes,USER_TABLE,False
dbo,vw_CakeBillingDetails,dbo,vw_CakeServiceCharge,VIEW,False
dbo,vw_CakeBillingDetails,dbo,vw_CakeVAT,VIEW,False
dbo,vw_CakeSalesReport,dbo,vw_CakeBillingDetails,VIEW,False
dbo,vw_CakeServiceCharge,dbo,RO_BillTerm,USER_TABLE,False
dbo,vw_CakeServiceCharge,dbo,RO_CAKE_BillingAmount,USER_TABLE,False
dbo,vw_CakeVAT,dbo,RO_BillTerm,USER_TABLE,False
dbo,vw_CakeVAT,dbo,RO_CAKE_BillingAmount,USER_TABLE,False
dbo,vw_Lists,dbo,GetListParentKey,SQL_SCALAR_FUNCTION,True
dbo,vw_Lists,dbo,Lists,USER_TABLE,False
dbo,vw_PagePermissions,dbo,aspnet_Roles,USER_TABLE,False
dbo,vw_PagePermissions,dbo,aspnet_Users,USER_TABLE,False
dbo,vw_PagePermissions,dbo,aspnet_UsersInRoles,USER_TABLE,False
dbo,vw_PagePermissions,dbo,ModuleDefPermission,USER_TABLE,False
dbo,vw_PagePermissions,dbo,PagePermission,USER_TABLE,False
dbo,vw_PagePermissions,dbo,Pages,USER_TABLE,False
dbo,vw_PagePermissions,dbo,Permission,USER_TABLE,False
dbo,vw_PageUserModules,dbo,ModuleControls,USER_TABLE,False
dbo,vw_PageUserModules,dbo,PageModules,USER_TABLE,False
dbo,vw_PageUserModules,dbo,Pages,USER_TABLE,False
dbo,vw_PageUserModules,dbo,UserModulePermission,USER_TABLE,False
dbo,vw_PageUserModules,dbo,UserModules,USER_TABLE,False
dbo,vw_PortalUsers,dbo,aspnet_Membership,USER_TABLE,False
dbo,vw_PortalUsers,dbo,aspnet_Users,USER_TABLE,False
dbo,vw_PortalUsers,dbo,Portal,USER_TABLE,False
dbo,vw_PortalUsers,dbo,PortalUser,USER_TABLE,False
dbo,vw_ROI_StockReportView,dbo,RO_PurchaseReturnDetails,USER_TABLE,False
dbo,vw_ROI_StockReportView,dbo,ROI_AdjustStockTransaction,USER_TABLE,False
dbo,vw_ROI_StockReportView,dbo,ROI_ComplementryStockTransaction,USER_TABLE,False
dbo,vw_ROI_StockReportView,dbo,ROI_IssueStockTransaction,USER_TABLE,False
dbo,vw_ROI_StockReportView,dbo,ROI_ItemDetails,USER_TABLE,False
dbo,vw_ROI_StockReportView,dbo,ROI_OpeningStockTransaction,USER_TABLE,False
dbo,vw_ROI_StockReportView,dbo,ROI_PurchaseStockTransaction,USER_TABLE,False
dbo,vw_ROI_StockReportView,dbo,ROI_SalesReturnStockTransaction,USER_TABLE,False
dbo,vw_ROI_StockReportView,dbo,ROI_SalesStockTransaction,USER_TABLE,False
dbo,vw_ROI_StockReportView,dbo,ROI_StockTransactionMaster,USER_TABLE,False
dbo,vw_ROI_StockReportView,dbo,ROI_Unit1,USER_TABLE,False
dbo,vw_SageFrameUser,dbo,aspnet_Membership,USER_TABLE,False
dbo,vw_SageFrameUser,dbo,aspnet_Users,USER_TABLE,False
dbo,vw_SageFrameUser,dbo,Portal,USER_TABLE,False
dbo,vw_SageFrameUser,dbo,PortalUser,USER_TABLE,False
dbo,vw_SageFrameUser,dbo,Users,USER_TABLE,False
